obs_wl_air(nm)	ritz_wl_air(nm)	intens	Aki(s^-1)	Acc	Ei(eV)	Ek(eV)	J_i	J_k	Type	tp_ref	line_ref	
"380.16791"	"380.167922"	"10700"	"6.26e+06"	C+	"2.83159117"	"6.09196644"	"2"	"3"		"T5720"	"L11631"	
"380.18084"	"380.180862"	"3980"	""		"2.84504259"	"6.10530689"	"1"	"2"		""	"L11631"	
"380.19837"	"380.198342"	"1910"	"3.7e+06"	E	"3.33201954"	"6.59213395"	"5"	"6"		"T2578n"	"L11631"	
"380.22786"	"380.22778"	"1380"	"5.63e+06"	C+	"3.30092244"	"6.56078442"	"2"	"2"		"T5720"	"L11631"	
"380.40092"	"380.400898"	"1780"	"4.6e+06"	D	"3.33201954"	"6.59039805"	"5"	"4"		"T2491n"	"L11631"	
"380.46108"	"380.460834"	"417"	""		"3.27398440"	"6.53184961"	"1"	"2"		""	"L11631"	
"380.47911"	"380.47877"	"560"	""		"3.01762252"	"6.27533411"	"3"	"4"		""	"L11631"	
"380.5342"	"380.534158"	"74000bl*"	""		"3.41695281"	"6.67419029"	"2"	"3"		""	"L11631"	
"380.5342"	"380.53420"	"74000bl*"	"8.60e+07"	B+	"3.30140276"	"6.5586399"	"4"	"5"		"T5720"	"L11631"	
"380.5789"	"380.57881"	"229"	""		"4.20888328"	"7.4657386"	"2"	"1"		""	"L11631"	
"380.62164"	"380.62165"	"3390"	"2.5e+07"	D+	"3.41489715"	"6.67138589"	"1"	"1"		"T2491n"	"L11631"	
"380.66954"	"380.66953"	"32400"	"4.35e+07"	B+	"3.26711257"	"6.52319179"	"5"	"5"		"T5720"	"L11631"	
"380.67601"	"380.676019"	"437"	""		"2.58810592"	"5.84412959"	"3"	"2"		""	"L11631"	
"380.75366"	"380.753675"	"17000"	"9.37e+06"	C+	"2.22271209"	"5.47807170"	"1"	"2"		"T5720"	"L11631"	
"380.82807"	"380.82814"	"890"	"7.59e+05"	C+	"3.01725044"	"6.27197352"	"2"	"3"		"T5720"	"L11631"	
"380.87283"	"380.872830"	"9500"	"3.54e+06"	B	"2.55917148"	"5.81351269"	"4"	"4"		"T4293"	"L11631"	
"380.90396"	"380.90399"	"1020"	"1.7e+06"	E	"2.85805275"	"6.11212776"	"0"	"1"		"T2578n"	"L11631"	
"380.95641"	"380.956388"	"1620"	"1.43e+06"	C+	"2.99804479"	"6.25167222"	"3"	"4"		"T5720"	"L11631"	
"381.07554"	"381.07555"	"3020"	"1.94e+07"	C+	"3.30092244"	"6.55353246"	"2"	"1"		"T5720"	"L11631"	
"381.10348"	"381.103432"	"1700"	"2.06e+05"	C+	"2.72754450"	"5.97991659"	"4"	"5"		"T5720"	"L11631"	
"381.18042"	"381.180404"	"780"	""		"3.36825640"	"6.61997175"	"4"	"4"		""	"L11631"	
"381.18907"	"381.18907"	"11000"	"2.52e+06"	B+	"2.75857762"	"6.01021907"	"3"	"3"		"T5720"	"L11631"	
"381.29643"	"381.296424"	"398000"	"7.91e+06"	A	"0.95815732"	"4.20888328"	"3"	"2"		"T3548"	"L11631"	
"381.30578"	"381.305775"	"17000"	"5.52e+06"	B	"2.58810592"	"5.83875215"	"3"	"3"		"T5720"	"L11631"	
"381.36347"	"381.363450"	"3390"	"2.07e+06"	C+	"2.69240763"	"5.94256226"	"5"	"4"		"T5720"	"L11631"	
"381.38842"	"381.38834"	"2950"	"6.62e+06"	B	"3.63434980"	"6.88429230"	"6"	"5"		"T5720"	"L11631"	
"381.39331"	"381.39325"	"331"	"2.91e+05"	C	"2.43269470"	"5.68259542"	"5"	"4"		"T5720"	"L11631"	
"381.45229"	"381.452303"	"28200"	"6.24e+05"	A	"1.01105568"	"4.26045326"	"1"	"1"		"T4187"	"L11631"	
"381.47787"	"381.47788"	"2040"	""		"3.41489715"	"6.66407690"	"1"	"2"		""	"L11631"	
"381.58400"	"381.583970"	"760000"	"1.12e+08"	A	"1.48486439"	"4.73314079"	"4"	"3"		"T6573"	"L11631"	
"381.63400"	"381.634022"	"8300"	"4.16e+06"	D+	"2.19786640"	"5.44571679"	"2"	"3"		"T5720"	"L11631"	
"381.7451"	"381.74517"	"590"	""		"3.88350907"	"7.1304138"	"3"	"3"		""	"L11631"	
"381.76392"	"381.763905"	"3550"	"7.7e+06"	E	"3.33201954"	"6.57876498"	"5"	"5"		"T2578n"	"L11631"	
"381.8618"	"381.86149"	"479"	""		"3.41489715"	"6.66081289"	"1"	"2"		""	"L11631"	
"381.94930"	"381.949263"	"1100"	"4.9e+06"	E	"3.39650880"	"6.64167865"	"3"	"2"		"T2578n"	"L11631"	
"382.04249"	"382.042491"	"r"	"6.67e+07"	A	"0.85899575"	"4.10337372"	"5"	"4"		"T3548"	"L11631"	
"382.11776"	"382.11774"	"65000"	"5.54e+07"	B+	"3.26711257"	"6.51085164"	"5"	"6"		"T5720"	"L11631"	
"382.18342"	"382.183434"	"12300"	"7.30e+06"	B	"2.60850194"	"5.85168345"	"2"	"2"		"T5720"	"L11631"	
"382.40744"	"382.407361"	"3470"	""		"2.58810592"	"5.82938837"	"3"	"3"		""	"L11631"	
"382.43035"	"382.43036"	"22900"	""		"3.30140276"	"6.5424903"	"4"	"4"		""	"L11631"	
"382.44435"	"382.444329"	"1000000"	"2.83e+06"	A	"0.0000000"	"3.24096914"	"4"	"3"		"T3547"	"L11631"	
"382.45553"	"382.45557"	"9800"	""		"2.69240763"	"5.93328155"	"5"	"6"		""	"L11631"	
"382.54025"	"382.540229"	"1150"	"6.47e+05"	C	"2.27860466"	"5.51876133"	"2"	"2"		"T5720"	"L11631"	
"382.58809"	"382.588058"	"760000"	"5.97e+07"	A	"0.91460217"	"4.15435379"	"4"	"3"		"T3548"	"L11631"	
"382.6626"	"382.66294"	"380"	""		"2.45343044"	"5.6925481"	"4"	"3"		""	"L11631"	
"382.68412"	"382.684148"	"1780"	"2.29e+06"	C+	"2.72754450"	"5.96648265"	"4"	"3"		"T5720"	"L11631"	
"382.75713"	"382.757115"	"7600"	"1.56e+06"	B	"2.69240763"	"5.93072834"	"5"	"5"		"T5720"	"L11631"	
"382.78224"	"382.782220"	"590000"	"1.05e+08"	A	"1.55735733"	"4.79546566"	"3"	"2"		"T3831"	"L11631"	
"382.8150"	"382.814995"	"540bl"	""		"3.36825640"	"6.60608750"	"4"	"5"		""	"L11631"	
"382.85037"	"382.850415"	"1820"	"3.22e+05"	B	"2.75857762"	"5.99610917"	"3"	"4"		"T5720"	"L11631"	
"382.94516"	"382.94517"	"2340"	"1.32e+07"	C	"3.27398440"	"6.51071489"	"1"	"1"		"T5720"	"L11631"	
"382.9764"	"382.976109"	"660"	"7.5e+05"	E	"2.55917148"	"5.79564049"	"4"	"3"		"T2578n"	"L11631"	
"383.07572"	"383.075697"	"1740"	"1.04e+06"	C+	"2.60850194"	"5.84412959"	"2"	"2"		"T5720"	"L11631"	
"383.08617"	"383.086134"	"4370"	"1.07e+06"	B	"2.69240763"	"5.92794713"	"5"	"4"		"T5720"	"L11631"	
"383.33079"	"383.330771"	"14100"	"4.68e+06"	B	"2.55917148"	"5.79264615"	"4"	"4"		"T4293"	"L11631"	
"383.42222"	"383.422219"	"590000"	"4.52e+07"	A	"0.95815732"	"4.19086081"	"3"	"2"		"T3548"	"L11631"	
"383.44552"	"383.44518"	"1170"	""		"3.25148176"	"6.48399171"	"3"	"2"		""	"L11631"	
"383.63301"	"383.633025"	"11500"	"3.29e+07"	C+	"3.30092244"	"6.53184961"	"2"	"2"		"T5720"	"L11631"	
"383.69151"	"383.691494"	"398"	""		"2.75857762"	"5.98901244"	"3"	"2"		""	"L11631"	
"383.71347"	"383.713423"	"2750"	"1.08e+06"	C	"2.60850194"	"5.83875215"	"2"	"3"		"T5720"	"L11631"	
"383.92556"	"383.92558"	"47900"	"2.35e+07"	B	"3.04686890"	"6.27533411"	"4"	"4"		"T5720"	"L11631"	
"384.04372"	"384.043720"	"380000"	"4.70e+07"	A	"0.99011115"	"4.21758325"	"2"	"1"		"T3548"	"L11631"	
"384.10477"	"384.104750"	"457000"	"1.36e+08"	B+	"1.60789577"	"4.83485507"	"2"	"1"		"T5720"	"L11631"	
"384.28960"	"384.289641"	"1120"	"4.87e+05"	C	"2.58810592"	"5.81351269"	"3"	"4"		"T5720"	"L11631"	
"384.29885"	"384.298874"	"690"	"3.91e+05"	C	"2.58810592"	"5.81343520"	"3"	"2"		"T5720"	"L11631"	
"384.32565"	"384.32565"	"50000"	"3.70e+07"	B	"3.04686890"	"6.27197352"	"4"	"3"		"T5720"	"L11631"	
"384.51686"	"384.516842"	"7900"	"6.07e+06"	B+	"2.42419831"	"5.64769932"	"1"	"1"		"T5720"	"L11631"	
"384.52150"	"384.521383"	"468"	""		"3.39650880"	"6.61997175"	"3"	"4"		""	"L11631"	
"384.56948"	"384.569383"	"1260"	"5.89e+06"	B	"3.54652001"	"6.76958063"	"2"	"3"		"T5720"	"L11631"	
"384.59849"	"384.598440"	"980"	"4.5e+06"	D	"3.36825640"	"6.59107351"	"4"	"3"		"T2578n"	"L11631"	
"384.62832"	"384.62823"	"500"	""		"3.69459719"	"6.91716472"	"4"	"3"		""	"L11631"	
"384.64091"	"384.64092"	"6000"	"1.68e+07"	C+	"3.57321890"	"6.7956800"	"5"	"4"		"T5720"	"L11631"	
"384.6800"	"384.679066"	"24500bl*"	""		"3.36825640"	"6.59039805"	"4"	"4"		""	"L11631"	
"384.6800"	"384.68001"	"24500bl*"	"6.20e+07"	B	"3.25148176"	"6.47361547"	"3"	"3"		"T5720"	"L11631"	
"384.69333"	"384.69343"	"1200"	"3.44e+05"	C+	"2.43269470"	"5.65471608"	"5"	"6"		"T5720"	"L11631"	
"384.82885"	"384.828984"	"780"	"4.8e+05"	D	"2.60850194"	"5.82938837"	"2"	"3"		"T2491n"	"L11631"	
"384.99664"	"384.996631"	"204000"	"6.05e+07"	A	"1.01105568"	"4.23053960"	"1"	"0"		"T3548"	"L11631"	
"385.08176"	"385.081771"	"91000"	"1.66e+06"	A	"0.99011115"	"4.20888328"	"2"	"2"		"T3548"	"L11631"	
"385.25724"	"385.257240"	"12900"	"3.26e+06"	C	"2.17594512"	"5.39325126"	"3"	"4"		"T5720"	"L11631"	
"385.34565"	"385.34564"	"680"	"5.8e+05"	D	"2.94879294"	"6.16536100"	"5"	"4"		"T2491n"	"L11631"	
"385.43663"	"385.436600"	"2240"	"5.07e+06"	C+	"3.21118938"	"6.42699840"	"4"	"3"		"T5720"	"L11631"	
"385.53135"	"385.531464"	"720"	""		"2.72754450"	"5.94256226"	"4"	"4"		""	"L11631"	
"385.58451"	"385.584654"	"1860"	""		"3.24096914"	"6.45554341"	"3"	"2"		""	"L11631"	
"385.63713"	"385.637115"	"1100000"	"4.64e+06"	A	"0.05156912"	"3.26570610"	"3"	"2"		"T3547"	"L11631"	
"385.92123"	"385.921236"	"81000"	"7.25e+06"	B+	"2.40407444"	"5.61584517"	"6"	"5"		"T5720"	"L11631"	
"385.99111"	"385.991106"	"r"	"9.69e+06"	A	"0.0000000"	"3.21118938"	"4"	"4"		"T3547"	"L11631"	
"386.13400"	"386.134337"	"4680"	""		"2.69240763"	"5.90240588"	"5"	"5"		""	"L11631"	
"386.36903"	"386.369130"	"620"	"4.37e+06"	B	"3.26570610"	"6.47375371"	"2"	"1"		"T6110"	"L11631"	
"386.37411"	"386.374103"	"5800"	"1.84e+06"	C+	"2.69240763"	"5.90041395"	"5"	"4"		"T5720"	"L11631"	
"386.4593"	"386.45911"	"372"	""		"4.20888328"	"7.4161840"	"2"	"2"		""	"L11631"	
"386.55228"	"386.552292"	"178000"	"1.55e+07"	A	"1.01105568"	"4.21758325"	"1"	"1"		"T3548"	"L11631"	
"386.7019"	"386.70210"	"710"	""		"4.26045326"	"7.4657386"	"1"	"1"		""	"L11631"	
"386.72157"	"386.721579"	"21400"	"3.16e+07"	B	"3.01725044"	"6.22237439"	"2"	"2"		"T5720"	"L11631"	
"386.79203"	"386.792023"	"1660"	"7.06e+05"	C+	"2.58810592"	"5.79264615"	"3"	"4"		"T5720"	"L11631"	
"386.82320"	"386.823378"	"760"	""		"2.94879294"	"6.15307342"	"5"	"4"		""	"L11631"	
"386.95580"	"386.955814"	"8100"	"1.59e+06"	B	"2.72754450"	"5.93072834"	"4"	"5"		"T5720"	"L11631"	
"386.96078"	"386.96074"	"4270"	"9.83e+05"	B	"2.72754450"	"5.93068755"	"4"	"3"		"T5720"	"L11631"	
"387.17477"	"387.17480"	"10200"	"5.83e+06"	B	"2.94879294"	"6.15016512"	"5"	"5"		"T5720"	"L11631"	
"387.25009"	"387.250102"	"234000"	"1.05e+07"	A	"0.99011115"	"4.19086081"	"2"	"2"		"T3548"	"L11631"	
"387.29210"	"387.292094"	"3240"	"8.86e+05"	B	"2.72754450"	"5.92794713"	"4"	"4"		"T5720"	"L11631"	
"387.37603"	"387.376015"	"63000"	"6.57e+06"	B+	"2.43269470"	"5.63240401"	"5"	"4"		"T5720"	"L11631"	
"387.40532"	"387.405348"	"479"	""		"2.27860466"	"5.47807170"	"2"	"2"		""	"L11631"	
"387.60397"	"387.603965"	"7200"	"1.15e+05"	C+	"1.01105568"	"4.20888328"	"1"	"2"		"T5720"	"L11631"	
"387.66701"	"387.667080"	"620"	""		"2.27860466"	"5.47591165"	"2"	"3"		""	"L11631"	
"387.80180"	"387.801779"	"275000"	"7.72e+06"	A	"0.95815732"	"4.15435379"	"3"	"3"		"T3548"	"L11631"	
"387.8182"	"387.818297"	"1510"	""		"3.28302483"	"6.47908516"	"1"	"0"		""	"L11631"	
"387.85730"	"387.857282"	"1290000"	"6.17e+06"	B+	"0.08728574"	"3.28302483"	"2"	"1"		"T5720"	"L11631"	
"387.86707"	"387.867079"	"49000"	"7.02e+06"	B+	"2.45343044"	"5.64908881"	"4"	"3"		"T5720"	"L11631"	
"387.87256"	"387.87262"	"10500"	"5.34e+07"	C+	"3.27398440"	"6.46959714"	"1"	"1"		"T5720"	"L11631"	
"388.19734"	"388.197393"	"690"	""		"3.54652001"	"6.73945929"	"2"	"3"		""	"L11631"	
"388.32797"	"388.327981"	"6500"	"1.28e+07"	C+	"3.25148176"	"6.44334733"	"3"	"3"		"T5720"	"L11631"	
"388.43584"	"388.435819"	"17400"	"3.99e+06"	B	"2.69240763"	"5.88338708"	"5"	"4"		"T5720"	"L11631"	
"388.51453"	"388.514529"	"1320"	"8.36e+05"	C	"2.99035244"	"6.18068544"	"4"	"3"		"T5720"	"L11631"	
"388.55103"	"388.551012"	"16600"	"7.26e+06"	B+	"2.42419831"	"5.61423177"	"1"	"2"		"T5720"	"L11631"	
"388.59202"	"388.59223"	"479"	""		"3.69459719"	"6.88429230"	"4"	"5"		""	"L11631"	
"388.62820"	"388.628183"	"550000"	"5.29e+06"	A	"0.05156912"	"3.24096914"	"3"	"3"		"T3547"	"L11631"	
"388.70480"	"388.704779"	"251000"	"3.52e+06"	A	"0.91460217"	"4.10337372"	"4"	"4"		"T3548"	"L11631"	
"388.84160"	"388.841607"	"2090"	""		"3.26570610"	"6.45335558"	"2"	"2"		""	"L11631"	
"388.85132"	"388.851317"	"200000"	"2.50e+07"	B+	"1.60789577"	"4.79546566"	"2"	"2"		"T5720"	"L11631"	
"388.88213"	"388.882145"	"10200"	"1.95e+07"	C+	"3.01725044"	"6.20456765"	"2"	"1"		"T5720"	"L11631"	
"388.99199"	"388.991865"	"407"	""		"3.26570610"	"6.45212430"	"2"	"1"		""	"L11631"	
"389.03955"	"389.039353"	"710"	"1.67e+06"	C	"3.24096914"	"6.42699840"	"3"	"3"		"T5720"	"L11631"	
"389.08402"	"389.084021"	"7900"	"3.06e+06"	C+	"2.72754450"	"5.91320801"	"4"	"3"		"T5720"	"L11631"	
"389.19262"	"389.19264"	"4790"	"2.71e+07"	C+	"3.41489715"	"6.59967157"	"1"	"1"		"T5720"	"L11631"	
"389.28920"	"389.289184"	"1510"	""		"2.75857762"	"5.94256226"	"3"	"4"		""	"L11631"	
"389.29819"	"389.298204"	"500"	""		"3.26570610"	"6.44961696"	"2"	"1"		""	"L11631"	
"389.33091"	"389.330922"	"3160"	"4.52e+06"	B	"2.83159117"	"6.01523448"	"2"	"1"		"T5720"	"L11631"	
"389.33901"	"389.338988"	"18600"	"1.00e+07"	B+	"2.94879294"	"6.13237029"	"5"	"5"		"T5720"	"L11631"	
"389.39122"	"389.391202"	"7100"	"5.45e+05"	B+	"2.43269470"	"5.61584517"	"5"	"5"		"T5720"	"L11631"	
"389.40117"	"389.40114"	"2750"	"1.03e+07"	B	"3.30092244"	"6.48399171"	"2"	"2"		"T5720"	"L11631"	
"389.56562"	"389.565597"	"740000"	"9.39e+06"	A	"0.11011433"	"3.29183986"	"1"	"0"		"T3547"	"L11631"	
"389.74485"	"389.74486"	"4270"	"1.78e+06"	D+	"2.94879294"	"6.12905507"	"5"	"6"		"T5720"	"L11631"	
"389.78896"	"389.78893"	"45700"	"6.20e+06"	B	"2.69240763"	"5.87231021"	"5"	"6"		"T5720"	"L11631"	
"389.80086"	"389.800874"	"19500"	"8.00e+05"	C+	"1.01105568"	"4.19086081"	"1"	"2"		"T5720"	"L11631"	
"389.90286"	"389.902841"	"7200"	"7.60e+05"	B+	"2.45343044"	"5.63240401"	"4"	"4"		"T5720"	"L11631"	
"389.97071"	"389.970707"	"1070000"	"2.58e+06"	A	"0.08728574"	"3.26570610"	"2"	"2"		"T3547"	"L11631"	
"390.0515"	"390.051516"	"3090bl"	"7.9e+06"	D	"3.24096914"	"6.41873101"	"3"	"3"		"T2491n"	"L11631"	
"390.29455"	"390.294512"	"302000"	"2.14e+07"	A	"1.55735733"	"4.73314079"	"3"	"3"		"T3831"	"L11631"	
"390.38976"	"390.38977"	"11200"	"7.61e+06"	B	"2.99035244"	"6.16536100"	"4"	"4"		"T5720"	"L11631"	
"390.64795"	"390.647918"	"234000"	"8.32e+05"	A	"0.11011433"	"3.28302483"	"1"	"1"		"T3547"	"L11631"	
"390.65320"	"390.652971"	"380"	""		"2.72754450"	"5.90041395"	"4"	"4"		""	"L11631"	
"390.67468"	"390.67470"	"3160"	"7.05e+06"	B	"3.30092244"	"6.47361547"	"2"	"3"		"T5720"	"L11631"	
"390.74650"	"390.74651"	"3090"	"8.15e+05"	B	"2.75857762"	"5.93068755"	"3"	"3"		"T5720"	"L11631"	
"390.79338"	"390.793374"	"12300"	"6.67e+06"	C	"2.75857762"	"5.93030716"	"3"	"2"		"T5720"	"L11631"	
"390.88423"	"390.88418"	"910"	""		"4.20888328"	"7.3798760"	"2"	"3"		""	"L11631"	
"390.96573"	"390.965801"	"1910"	"5.7e+06"	E	"3.28302483"	"6.45335558"	"1"	"2"		"T2578n"	"L11631"	
"390.98293"	"390.982927"	"3630"	"6.99e+06"	B	"2.84504259"	"6.01523448"	"1"	"1"		"T5720"	"L11631"	
"391.08434"	"391.084381"	"5100"	"1.37e+06"	C+	"2.75857762"	"5.92794713"	"3"	"4"		"T5720"	"L11631"	
"391.09988"	"391.099803"	"680"	"2.68e+06"	C+	"3.21118938"	"6.38043390"	"4"	"4"		"T5720"	"L11631"	
"391.36316"	"391.363135"	"4570"	"1.35e+06"	B	"2.27860466"	"5.44571679"	"2"	"3"		"T4187"	"L11631"	
"391.42727"	"391.427403"	"1660"	"5.8e+06"	D	"3.28302483"	"6.44961696"	"1"	"1"		"T2578n"	"L11631"	
"391.67307"	"391.67305"	"17000"	"9.83e+06"	B	"3.23672008"	"6.40132623"	"6"	"5"		"T5720"	"L11631"	
"391.71807"	"391.718051"	"19100"	"4.34e+05"	A	"0.99011115"	"4.15435379"	"2"	"3"		"T3548"	"L11631"	
"391.83150"	"391.83147"	"7900"	"6.03e+06"	B+	"2.48437256"	"5.64769932"	"0"	"1"		"T5720"	"L11631"	
"391.84152"	"391.84151"	"7900"	"4.22e+07"	C+	"2.84504259"	"6.00828827"	"1"	"0"		"T5720"	"L11631"	
"391.86414"	"391.864151"	"13800"	"1.17e+07"	C+	"3.01762252"	"6.18068544"	"3"	"3"		"T5720"	"L11631"	
"391.90652"	"391.906519"	"5400"	"3.72e+06"	C+	"2.99035244"	"6.15307342"	"4"	"4"		"T5720"	"L11631"	
"392.02578"	"392.025748"	"650000"	"2.60e+06"	A	"0.12126572"	"3.28302483"	"0"	"1"		"T3547"	"L11631"	
"392.0837"	"392.083636"	"1100bl"	"2.92e+06"	C+	"3.26570610"	"6.42699840"	"2"	"3"		"T5720"	"L11631"	
"392.12721"	"392.12719"	"1070"	"5.54e+04"	C+	"2.55917148"	"5.72011266"	"4"	"5"		"T5720"	"L11631"	
"392.29115"	"392.291129"	"1000000"	"1.08e+06"	A	"0.05156912"	"3.21118938"	"3"	"4"		"T3547"	"L11631"	
"392.52002"	"392.520109"	"1380"	"6.2e+06"	D	"3.29183986"	"6.44961696"	"0"	"1"		"T2578n"	"L11631"	
"392.56435"	"392.564346"	"6900"	"8.04e+06"	B	"2.83159117"	"5.98901244"	"2"	"2"		"T5720"	"L11631"	
"392.59410"	"392.594131"	"9300"	"1.67e+07"	C+	"2.85805275"	"6.01523448"	"0"	"1"		"T5720"	"L11631"	
"392.60129"	"392.601285"	"2450"	"7.26e+06"	B	"3.24096914"	"6.39809335"	"3"	"3"		"T5720"	"L11631"	
"392.77495"	"392.77465"	"407"	""		"4.26045326"	"7.4161840"	"1"	"2"		""	"L11631"	
"392.7920"	"392.791947"	"219000bl*"	"2.60e+06"	B+	"0.11011433"	"3.26570610"	"1"	"2"		"T5720"	"L11631"	
"392.7920"	"392.792194"	"219000bl*"	""		"2.83159117"	"5.98718095"	"2"	"1"		""	"L11631"	
"392.80827"	"392.808323"	"6200"	"5.64e+06"	B	"3.21118938"	"6.36664959"	"4"	"4"		"T5720"	"L11631"	
"392.91161"	"392.911653"	"2290"	"8.11e+05"	C+	"2.75857762"	"5.91320801"	"3"	"3"		"T5720"	"L11631"	
"392.92080"	"392.92081"	"1910"	"2.09e+06"	C+	"3.25148176"	"6.40603863"	"3"	"4"		"T5720"	"L11631"	
"393.02964"	"393.029640"	"1150000"	"1.99e+06"	B+	"0.08728574"	"3.24096914"	"2"	"3"		"T5720"	"L11631"	
"393.11170"	"393.111722"	"2090"	"4.8e+06"	E	"3.26570610"	"6.41873101"	"2"	"3"		"T2578n"	"L11631"	
"393.22440"	"393.224338"	"490"	""		"3.60252504"	"6.75464698"	"3"	"4"		""	"L11631"	
"393.26271"	"393.262701"	"8500"	"2.70e+06"	C+	"2.72754450"	"5.87935896"	"4"	"5"		"T5720"	"L11631"	
"393.3599"	"393.35954"	"4270bl*"	""		"4.15435379"	"7.3053924"	"3"	"2"		""	"L11631"	
"393.3599"	"393.359909"	"4270bl*"	"5.92e+06"	C+	"3.07133880"	"6.22237439"	"1"	"2"		"T5720"	"L11631"	
"393.3599"	"393.360141"	"4270bl*"	""		"3.26570610"	"6.41673983"	"2"	"1"		""	"L11631"	
"393.53065"	"393.530643"	"1050"	"2.2e+06"	D	"2.84504259"	"5.99471113"	"1"	"1"		"T2578n"	"L11631"	
"393.58122"	"393.581244"	"9300"	"1.14e+07"	C+	"2.83159117"	"5.98085478"	"2"	"2"		"T5720"	"L11631"	
"393.58602"	"393.585893"	"407"	""		"3.26570610"	"6.41493251"	"2"	"2"		""	"L11631"	
"393.73276"	"393.732723"	"7800"	"1.66e+06"	B	"2.69240763"	"5.84045966"	"5"	"4"		"T5720"	"L11631"	
"394.08773"	"394.087710"	"10000"	"1.20e+05"	A	"0.95815732"	"4.10337372"	"3"	"4"		"T3548"	"L11631"	
"394.1183"	"394.11849"	"560"	""		"3.88160368"	"7.02657446"	"4"	"4"		""	"L11631"	
"394.12750"	"394.127530"	"2570"	"9.1e+06"	D	"3.26570610"	"6.41060472"	"2"	"2"		"T2578n"	"L11631"	
"394.23638"	"394.236485"	"1100"	"5.17e+05"	C+	"2.99035244"	"6.13438193"	"4"	"3"		"T5720"	"L11631"	
"394.24397"	"394.243963"	"8300"	"9.62e+06"	C+	"2.84504259"	"5.98901244"	"1"	"2"		"T5720"	"L11631"	
"394.33404"	"394.33404"	"3630"	"6.46e+05"	C+	"2.19786640"	"5.34111814"	"2"	"1"		"T5720"	"L11631"	
"394.35751"	"394.35742"	"510"	""		"3.88350907"	"7.02657446"	"3"	"4"		""	"L11631"	
"394.47385"	"394.473766"	"437"	"1.3e+06"	E	"2.84504259"	"5.98718095"	"1"	"1"		"T2578n"	"L11631"	
"394.48890"	"394.488896"	"2820"	"1.40e+06"	B	"2.99035244"	"6.13237029"	"4"	"5"		"T5720"	"L11631"	
"394.51169"	"394.511687"	"5500"	"1.65e+06"	C+	"2.75857762"	"5.90041395"	"3"	"4"		"T5720"	"L11631"	
"394.69946"	"394.699457"	"3470"	"3.91e+06"	C+	"3.21118938"	"6.35153108"	"4"	"5"		"T5720"	"L11631"	
"394.73786"	"394.737625"	"398"	""		"2.39920471"	"5.53924278"	"5"	"4"		""	"L11631"	
"394.75306"	"394.753087"	"4270"	"5.12e+06"	B	"2.83159117"	"5.97150625"	"2"	"2"		"T5720"	"L11631"	
"394.80970"	"394.809710"	"8300"	"1.31e+07"	B	"3.24096914"	"6.38043390"	"3"	"4"		"T5720"	"L11631"	
"394.8276"	"394.827673"	"269"	""		"3.24096914"	"6.38029108"	"3"	"3"		""	"L11631"	
"394.87746"	"394.87747"	"20400"	"2.08e+07"	B	"3.26711257"	"6.40603863"	"5"	"4"		"T5720"	"L11631"	
"394.91412"	"394.91405"	"560"	"4.2e+06"	E	"3.41489715"	"6.55353246"	"1"	"1"		"T2578n"	"L11631"	
"394.99527"	"394.99525"	"29500"	"4.79e+06"	B	"2.17594512"	"5.31393522"	"3"	"2"		"T5720"	"L11631"	
"395.0138"	"395.01382"	"760"	""		"3.54652001"	"6.68436257"	"2"	"2"		""	"L11631"	
"395.11629"	"395.116320"	"15100"	"4.29e+07"	B	"3.27398440"	"6.41101300"	"1"	"2"		"T5720"	"L11631"	
"395.2601"	"395.260090"	"18200bl"	"2.97e+06"	B+	"2.69240763"	"5.82829520"	"5"	"5"		"T5720"	"L11631"	
"395.26955"	"395.269592"	"2040"	"3.48e+06"	D+	"2.84504259"	"5.98085478"	"1"	"2"		"T5720"	"L11631"	
"395.31511"	"395.315139"	"4680"	"2.97e+06"	C+	"3.01762252"	"6.15307342"	"3"	"4"		"T5720"	"L11631"	
"395.38574"	"395.385684"	"910"	"6.4e+05"	D	"2.83159117"	"5.96648265"	"2"	"3"		"T2578n"	"L11631"	
"395.4712"	"395.47119"	"457bl"	""		"3.26711257"	"6.40132623"	"5"	"5"		""	"L11631"	
"395.53410"	"395.534127"	"2400"	"1.5e+07"	D	"3.28302483"	"6.41673983"	"1"	"1"		"T2578n"	"L11631"	
"395.59552"	"395.595498"	"2570"	"4.19e+06"	B	"3.07133880"	"6.20456765"	"1"	"1"		"T5720"	"L11631"	
"395.64551"	"395.645488"	"23400"	"1.76e+07"	B	"3.23672008"	"6.36955305"	"6"	"5"		"T5720"	"L11631"	
"395.6677"	"395.66763"	"100000bl"	"1.22e+07"	B+	"2.69240763"	"5.82506529"	"5"	"6"		"T5720"	"L11631"	
"395.70181"	"395.701788"	"6800"	"1.67e+07"	B+	"3.26570610"	"6.39809335"	"2"	"3"		"T5720"	"L11631"	
"396.02789"	"396.027858"	"1000"	"4.10e+06"	C+	"3.63977237"	"6.76958063"	"2"	"3"		"T5720"	"L11631"	
"396.11400"	"396.113928"	"1050"	"2.6e+06"	E	"2.85805275"	"5.98718095"	"0"	"1"		"T2578n"	"L11631"	
"396.23517"	"396.235134"	"407"	"1.2e+06"	E	"3.26570610"	"6.39387714"	"2"	"3"		"T2578n"	"L11631"	
"396.31002"	"396.310030"	"5500"	"1.5e+07"	D+	"3.28302483"	"6.41060472"	"1"	"2"		"T2491n"	"L11631"	
"396.3432"	"396.342978"	"200"	""		"3.27398440"	"6.40130429"	"1"	"2"		""	"L11631"	
"396.45150"	"396.451526"	"1660"	"2.17e+06"	C+	"2.84504259"	"5.97150625"	"1"	"2"		"T5720"	"L11631"	
"396.55086"	"396.550868"	"1150"	"7.85e+05"	C	"3.24096914"	"6.36664959"	"3"	"4"		"T5720"	"L11631"	
"396.5915"	"396.59152"	"324"	""		"4.20888328"	"7.3342434"	"2"	"1"		""	"L11631"	
"396.60614"	"396.606119"	"19500"	"1.32e+06"	B+	"1.60789577"	"4.73314079"	"2"	"3"		"T5720"	"L11631"	
"396.64992"	"396.649913"	"2630"	""		"3.29183986"	"6.41673983"	"0"	"1"		""	"L11631"	
"396.68097"	"396.681077"	"930"	"6.81e+05"	C	"3.30092244"	"6.42557692"	"2"	"3"		"T5720"	"L11631"	
"396.74204"	"396.742064"	"14800"	"1.52e+07"	B	"3.30140276"	"6.42557692"	"4"	"3"		"T5720"	"L11631"	
"396.79611"	"396.796109"	"3720"	"6.09e+06"	B+	"3.24096914"	"6.36471779"	"3"	"4"		"T5720"	"L11631"	
"396.92570"	"396.925691"	"427000"	"2.26e+07"	B+	"1.48486439"	"4.60759327"	"4"	"3"		"T5720"	"L11631"	
"396.96274"	"396.96276"	"3240"	""		"3.25148176"	"6.37391903"	"3"	"4"		""	"L11631"	
"397.02605"	"397.02611"	"1620"	""		"3.54652001"	"6.66845912"	"2"	"3"		""	"L11631"	
"397.03888"	"397.03889"	"5400"	"3.9e+07"	E	"3.07133880"	"6.19317735"	"1"	"0"		"T2578n"	"L11631"	
"397.13224"	"397.132205"	"13500"	"4.97e+06"	B	"2.69240763"	"5.81351269"	"5"	"4"		"T5720"	"L11631"	
"397.2915"	"397.29115"	"355"	""		"3.57321890"	"6.6930753"	"5"	"5"		""	"L11631"	
"397.36490"	"397.36493"	"2400"	"5.81e+06"	B	"3.54652001"	"6.66579718"	"2"	"3"		"T5720"	"L11631"	
"397.4256"	"397.42515"	"219"	""		"4.15435379"	"7.2731583"	"3"	"4"		""	"L11631"	
"397.43805"	"397.438009"	"500"	"8.2e+05"	E	"3.24096914"	"6.35967275"	"3"	"3"		"T2578n"	"L11631"	
"397.47573"	"397.47593"	"720"	"3.44e+05"	C+	"2.22271209"	"5.34111814"	"1"	"1"		"T5720"	"L11631"	
"397.52053"	"397.520300"	"490"	"1.2e+05"	D	"2.46883473"	"5.58689276"	"2"	"3"		"T2578n"	"L11631"	
"397.58410"	"397.58420"	"363"	""		"3.54652001"	"6.66407690"	"2"	"2"		""	"L11631"	
"397.6385"	"397.638461"	"1100bl"	"3.98e+05"	C	"3.01725044"	"6.13438193"	"2"	"3"		"T5720"	"L11631"	
"397.65460"	"397.654579"	"680"	""		"3.25148176"	"6.36848691"	"3"	"3"		""	"L11631"	
"397.6613"	"397.661301"	"3800bl"	"1.20e+07"	C+	"3.41489715"	"6.53184961"	"1"	"2"		"T5720"	"L11631"	
"397.6861"	"397.685932"	"3020bl*"	""		"3.01762252"	"6.13438193"	"3"	"3"		""	"L11631"	
"397.6861"	"397.686232"	"3020bl*"	""		"3.30092244"	"6.41767950"	"2"	"2"		""	"L11631"	
"397.77407"	"397.77407"	"38000"	"6.41e+06"	B	"2.19786640"	"5.31393522"	"2"	"2"		"T5720"	"L11631"	
"397.8456"	"397.845749"	"229"	""		"2.83159117"	"5.94709859"	"2"	"3"		""	"L11631"	
"398.17708"	"398.177060"	"17400"	"3.57e+06"	B	"2.72754450"	"5.84045966"	"4"	"4"		"T5720"	"L11631"	
"398.39561"	"398.395594"	"18200"	"5.72e+06"	B	"2.72754450"	"5.83875215"	"4"	"3"		"T5720"	"L11631"	
"398.4934"	"398.49343"	"282"	""		"3.28302483"	"6.39346861"	"1"	"1"		""	"L11631"	
"398.53157"	"398.531577"	"417"	""		"2.55917148"	"5.66931758"	"4"	"5"		""	"L11631"	
"398.53870"	"398.538695"	"2630"	"8.53e+06"	B	"3.30092244"	"6.41101300"	"2"	"2"		"T5720"	"L11631"	
"398.61714"	"398.617150"	"7400"	""		"3.25148176"	"6.36096020"	"3"	"4"		""	"L11631"	
"398.98569"	"398.985748"	"1350"	"5.3e+06"	D	"3.54652001"	"6.65312587"	"2"	"3"		"T2578n"	"L11631"	
"399.03731"	"399.037300"	"2340"	"1.43e+06"	B	"3.04686890"	"6.15307342"	"4"	"4"		"T5720"	"L11631"	
"399.3617"	"399.36152"	"680"	""		"4.20888328"	"7.31256608"	"2"	"2"		""	"L11631"	
"399.41129"	"399.41127"	"2140"	"9.22e+05"	C+	"3.04686890"	"6.15016512"	"4"	"5"		"T5720"	"L11631"	
"399.52044"	"399.52042"	"331"	""		"4.10337372"	"7.2058221"	"4"	"4"		""	"L11631"	
"399.5861"	"399.58613"	"257"	""		"4.20888328"	"7.3108215"	"2"	"1"		""	"L11631"	
"399.59833"	"399.598289"	"3630"	"1.60e+06"	B	"2.72754450"	"5.82938837"	"4"	"3"		"T5720"	"L11631"	
"399.69636"	"399.69635"	"2240"	"7.95e+06"	C+	"3.69459719"	"6.7956800"	"4"	"4"		"T5720"	"L11631"	
"399.73919"	"399.739170"	"76000"	"1.26e+07"	B+	"2.72754450"	"5.82829520"	"4"	"5"		"T5720"	"L11631"	
"399.74835"	"399.748313"	"710"	""		"3.24096914"	"6.34164892"	"3"	"3"		""	"L11631"	
"399.80525"	"399.805211"	"17400"	"5.70e+06"	B	"2.69240763"	"5.79264615"	"5"	"4"		"T5720"	"L11631"	
"400.0252"	"400.025248"	"457bl"	"2.2e+06"	E	"3.26570610"	"6.36423934"	"2"	"2"		"T2578n"	"L11631"	
"400.04570"	"400.045722"	"1480"	"1.01e+06"	C+	"2.99035244"	"6.08872711"	"4"	"4"		"T5720"	"L11631"	
"400.16615"	"400.166094"	"4470"	"7.47e+05"	C+	"2.17594512"	"5.27338780"	"3"	"3"		"T5720"	"L11631"	
"400.26606"	"400.26607"	"407"	""		"3.25148176"	"6.34815078"	"3"	"2"		""	"L11631"	
"400.37616"	"400.37614"	"760"	"6.76e+06"	C	"3.41489715"	"6.51071489"	"1"	"1"		"T5720"	"L11631"	
"400.48272"	"400.48270"	"3470"	""		"3.23672008"	"6.33171407"	"6"	"5"		""	"L11631"	
"400.49782"	"400.49780"	"930"	""		"3.01725044"	"6.11212776"	"2"	"1"		""	"L11631"	
"400.52417"	"400.524148"	"209000"	"2.04e+07"	A	"1.55735733"	"4.65203107"	"3"	"2"		"T3831"	"L11631"	
"400.53858"	"400.538478"	"309"	""		"2.42419831"	"5.51876133"	"1"	"2"		""	"L11631"	
"400.5482"	"400.54800"	"650bl"	""		"2.58810592"	"5.68259542"	"3"	"4"		""	"L11631"	
"400.61574"	"400.615684"	"186"	""		"3.26570610"	"6.35967275"	"2"	"3"		""	"L11631"	
"400.63105"	"400.631097"	"4790"	"5.1e+06"	D	"3.26711257"	"6.36096020"	"5"	"4"		"T2578n"	"L11631"	
"400.66240"	"400.66241"	"2820"	"5.89e+06"	B	"3.11096179"	"6.20456765"	"0"	"1"		"T5720"	"L11631"	
"400.72718"	"400.727179"	"6600"	"4.40e+06"	B	"2.75857762"	"5.85168345"	"3"	"2"		"T5720"	"L11631"	
"400.9542"	"400.954312"	"89bl"	""		"3.21118938"	"6.30254306"	"4"	"5"		""	"L11631"	
"400.97125"	"400.97125"	"20900"	"4.64e+06"	B	"2.22271209"	"5.31393522"	"1"	"2"		"T5720"	"L11631"	
"401.01761"	"401.017377"	"120"	"7.9e+05"	E	"3.64164057"	"6.73250811"	"3"	"4"		"T2578n"	"L11631"	
"401.0748"	"401.07462"	"437"	""		"2.60850194"	"5.69892835"	"2"	"2"		""	"L11631"	
"401.14072"	"401.140701"	"1000"	"2.26e+05"	B	"2.55917148"	"5.64908881"	"4"	"3"		"T5720"	"L11631"	
"401.17110"	"401.171125"	"257"	"1.1e+05"	D	"2.44955978"	"5.53924278"	"3"	"4"		"T2578n"	"L11631"	
"401.21488"	"401.21492"	"309"	""		"3.23672008"	"6.32606584"	"6"	"6"		""	"L11631"	
"401.36392"	"401.363855"	"347"	""		"3.21118938"	"6.29938878"	"4"	"4"		""	"L11631"	
"401.37815"	"401.378165"	"810"	"4.19e+05"	C	"3.01725044"	"6.10533975"	"2"	"3"		"T5720"	"L11631"	
"401.38246"	"401.382435"	"2340"	""		"3.01725044"	"6.10530689"	"2"	"2"		""	"L11631"	
"401.42649"	"401.426533"	"324"	""		"3.01762252"	"6.10533975"	"3"	"3"		""	"L11631"	
"401.45306"	"401.453083"	"29500"	"1.53e+07"	C+	"3.04686890"	"6.13438193"	"4"	"3"		"T5720"	"L11631"	
"401.4878"	"401.48799"	"219bl"	""		"3.88160368"	"6.96884828"	"4"	"4"		""	"L11631"	
"401.5606"	"401.56053"	"620bl"	""		"4.17769679"	"7.26438371"	"5"	"5"		""	"L11631"	
"401.64191"	"401.641920"	"710"	""		"3.28302483"	"6.36908625"	"1"	"2"		""	"L11631"	
"401.70832"	"401.708236"	"680"	"8.42e+05"	C	"2.75857762"	"5.84412959"	"3"	"2"		"T5720"	"L11631"	
"401.71483"	"401.714822"	"3800"	"3.25e+06"	B+	"3.04686890"	"6.13237029"	"4"	"5"		"T5720"	"L11631"	
"401.74616"	"401.74630"	"389"	""		"4.20888328"	"7.2941429"	"2"	"3"		""	"L11631"	
"401.82673"	"401.826688"	"1410"	"3.44e+06"	B	"3.26570610"	"6.35034852"	"2"	"3"		"T5720"	"L11631"	
"401.90417"	"401.90437"	"204"	"1.1e+05"	E	"2.60850194"	"5.6925481"	"2"	"3"		"T2578n"	"L11631"	
"402.0483"	"402.048342"	"363"	"8.2e+05"	E	"3.64164057"	"6.72458242"	"3"	"4"		"T2578n"	"L11631"	
"402.16025"	"402.160281"	"89"	""		"2.42419831"	"5.50628207"	"1"	"1"		""	"L11631"	
"402.1866"	"402.186604"	"37200bl"	"8.55e+06"	B	"2.75857762"	"5.84045966"	"3"	"4"		"T5720"	"L11631"	
"402.22124"	"402.221217"	"269"	""		"2.83159117"	"5.91320801"	"2"	"3"		""	"L11631"	
"402.2735"	"402.273738"	"437bl*"	""		"3.28302483"	"6.36423934"	"1"	"2"		""	"L11631"	
"402.2735"	"402.273932"	"437bl*"	""		"3.25148176"	"6.33269478"	"3"	"4"		""	"L11631"	
"402.40960"	"402.409563"	"780"	"1.07e+05"	C	"2.75857762"	"5.83875215"	"3"	"3"		"T5720"	"L11631"	
"402.47248"	"402.472471"	"5100"	"8.09e+06"	B	"3.24096914"	"6.32066224"	"3"	"4"		"T5720"	"L11631"	
"402.96290"	"402.963187"	"1660"	""		"3.26570610"	"6.34164892"	"2"	"3"		""	"L11631"	
"403.01846"	"403.018404"	"1200"	"2.85e+05"	C+	"2.19786640"	"5.27338780"	"2"	"3"		"T5720"	"L11631"	
"403.04883"	"403.048821"	"7900"	"1.04e+07"	B	"3.21118938"	"6.28647868"	"4"	"5"		"T5720"	"L11631"	
"403.08902"	"403.088913"	"479"	"5.02e+06"	C+	"3.69459719"	"6.76958063"	"4"	"3"		"T5720"	"L11631"	
"403.12400"	"403.123974"	"170"	""		"3.01725044"	"6.09196644"	"2"	"3"		""	"L11631"	
"403.17277"	"403.172764"	"263"	""		"3.01762252"	"6.09196644"	"3"	"3"		""	"L11631"	
"403.19604"	"403.19605"	"5800"	"7.6e+06"	D+	"3.27398440"	"6.34815078"	"1"	"2"		"T2491n"	"L11631"	
"403.24556"	"403.24541"	"447"	""		"4.26045326"	"7.3342434"	"1"	"1"		""	"L11631"	
"403.26272"	"403.262684"	"2000"	"2.46e+05"	D+	"1.48486439"	"4.55852281"	"4"	"3"		"T5720"	"L11631"	
"403.31861"	"403.318569"	"660"	"8.40e+04"	C+	"2.55917148"	"5.63240401"	"4"	"4"		"T5720"	"L11631"	
"403.55941"	"403.5594"	"191"	""		"4.22036211"	"7.291761"	"4"	"5"		""	"L11631"	
"403.6366"	"403.636651"	"219"	"9.6e+04"	E	"2.75857762"	"5.82938837"	"3"	"3"		"T2578n"	"L11631"	
"403.87896"	"403.878924"	"457"	""		"3.54652001"	"6.61548873"	"2"	"3"		""	"L11631"	
"403.9938"	"403.993810"	"219"	""		"2.72754450"	"5.79564049"	"4"	"3"		""	"L11631"	
"404.06379"	"404.063812"	"2880"	"4.8e+06"	D+	"3.30092244"	"6.36848691"	"2"	"3"		"T2491n"	"L11631"	
"404.1271"	"404.127091"	"910bl*"	""		"3.30140276"	"6.36848691"	"4"	"3"		""	"L11631"	
"404.1271"	"404.127843"	"910bl*"	""		"3.30092244"	"6.36800089"	"2"	"3"		""	"L11631"	
"404.16489"	"404.16488"	"195"	""		"4.20888328"	"7.2756807"	"2"	"3"		""	"L11631"	
""	"404.388486"	"m"	""		"2.72754450"	"5.79264615"	"4"	"4"		""	"L11631"	
"404.38964"	"404.389713"	"2690"	"8.69e+06"	D+	"3.24096914"	"6.30606149"	"3"	"3"		"T5720"	"L11631"	
"404.39767"	"404.397712"	"660"	""		"3.24096914"	"6.30600086"	"3"	"2"		""	"L11631"	
"404.44906"	"404.44920"	"166"	""		"4.10337372"	"7.16801526"	"4"	"3"		""	"L11631"	
"404.45444"	"404.45449"	"398"	""		"3.26711257"	"6.33171407"	"5"	"5"		""	"L11631"	
"404.46089"	"404.460883"	"6800"	"8.17e+06"	B	"2.83159117"	"5.89614419"	"2"	"1"		"T5720"	"L11631"	
"404.51116"	"404.51122"	"510"	""		"4.26045326"	"7.3246249"	"1"	"1"		""	"L11631"	
"404.55936"	"404.559336"	"3470"	"7.39e+06"	C	"3.21118938"	"6.27499663"	"4"	"3"		"T5720"	"L11631"	
"404.58122"	"404.581193"	"1000000"	"8.62e+07"	A	"1.48486439"	"4.54850612"	"4"	"4"		"T3831"	"L11631"	
"404.60620"	"404.606181"	"1620"	"6.85e+06"	C+	"3.26570610"	"6.32915863"	"2"	"1"		"T5720"	"L11631"	
"404.73037"	"404.73025"	"288"	"2.15e+05"	C	"2.27860466"	"5.34111814"	"2"	"1"		"T5720"	"L11631"	
"404.93267"	"404.932629"	"1410"	"2.11e+05"	B	"2.58810592"	"5.64908881"	"3"	"3"		"T5720"	"L11631"	
"405.06739"	"405.06732"	"229"	""		"4.19086081"	"7.2508259"	"2"	"3"		""	"L11631"	
"405.19051"	"405.190535"	"870"	"3.3e+06"	D	"3.39650880"	"6.45554341"	"3"	"2"		"T2578n"	"L11631"	
"405.20130"	"405.20131"	"295"	""		"3.26711257"	"6.32606584"	"5"	"6"		""	"L11631"	
"405.22952"	"405.229296"	"479"	""		"3.36825640"	"6.42699840"	"4"	"3"		""	"L11631"	
"405.24404"	"405.243900"	"324"	""		"3.28302483"	"6.34165661"	"1"	"2"		""	"L11631"	
"405.26528"	"405.265223"	"407"	""		"3.04686890"	"6.10533975"	"4"	"3"		""	"L11631"	
"405.27224"	"405.272009"	"186"	""		"3.24096914"	"6.29938878"	"3"	"4"		""	"L11631"	
"405.41768"	"405.417774"	"257"	"7.7e+05"	D	"3.26570610"	"6.32302612"	"2"	"2"		"T2578n"	"L11631"	
"405.48053"	"405.480541"	"1660"	""		"3.39650880"	"6.45335558"	"3"	"2"		""	"L11631"	
"405.48666"	"405.486626"	"1320"	"9.61e+06"	B	"3.41695281"	"6.47375371"	"2"	"1"		"T6110"	"L11631"	
"405.50352"	"405.503501"	"4790"	"4.43e+05"	B+	"2.55917148"	"5.61584517"	"4"	"5"		"T5720"	"L11631"	
"405.63446"	"405.63459"	"141"	""		"3.64164057"	"6.69732648"	"3"	"4"		""	"L11631"	
"405.73433"	"405.734287"	"1050"	"4.95e+05"	C	"2.75857762"	"5.81351269"	"3"	"4"		"T5720"	"L11631"	
"405.8217"	"405.821663"	"2240bl"	"4.47e+06"	C+	"3.21118938"	"6.26546671"	"4"	"3"		"T5720"	"L11631"	
"405.87537"	"405.875343"	"1230"	"6.52e+05"	C	"2.42419831"	"5.47807170"	"1"	"2"		"T5720"	"L11631"	
"405.97133"	"405.97130"	"980"	"5.71e+06"	C+	"3.54652001"	"6.59967157"	"2"	"1"		"T5720"	"L11631"	
"406.10963"	"406.10947"	"191"	""		"4.26045326"	"7.31256608"	"1"	"2"		""	"L11631"	
"406.19543"	"406.19524"	"245"	""		"4.15435379"	"7.2058221"	"3"	"4"		""	"L11631"	
"406.24406"	"406.244071"	"15100"	"1.85e+07"	C+	"2.84504259"	"5.89614419"	"1"	"1"		"T5720"	"L11631"	
"406.32754"	"406.327571"	"4070"	""		"3.36825640"	"6.41873101"	"4"	"3"		""	"L11631"	
"406.34166"	"406.34174"	"200"	""		"4.26045326"	"7.3108215"	"1"	"1"		""	"L11631"	
"406.35939"	"406.359365"	"830000"	"6.65e+07"	B+	"1.55735733"	"4.60759327"	"3"	"3"		"T5720"	"L11631"	
"406.44490"	"406.444945"	"550"	""		"1.55735733"	"4.60695104"	"3"	"2"		""	"L11631"	
"406.53809"	"406.538067"	"930"	"1.7e+07"	D+	"3.43018998"	"6.47908516"	"1"	"0"		"T2491n"	"L11631"	
"406.65850"	"406.658491"	"2450"	"1.17e+06"	B	"2.99035244"	"6.03834476"	"4"	"4"		"T5720"	"L11631"	
"406.69739"	"406.697402"	"13800"	""		"2.83159117"	"5.87929188"	"2"	"2"		""	"L11631"	
"406.72709"	"406.727070"	"8300"	"2.19e+06"	B	"2.55917148"	"5.60664989"	"4"	"3"		"T4293"	"L11631"	
"406.74869"	"406.748716"	"145"	""		"2.94879294"	"5.99610917"	"5"	"4"		""	"L11631"	
"406.79775"	"406.797774"	"10500"	"1.51e+07"	B	"3.21118938"	"6.25813812"	"4"	"4"		"T5720"	"L11631"	
"406.9067"	"406.906609"	"195"	"1.9e+06"	D	"3.28302483"	"6.32915863"	"1"	"1"		"T2578n"	"L11631"	
"407.07705"	"407.077024"	"5000"	"1.1e+07"	D+	"3.24096914"	"6.28582776"	"3"	"2"		"T2491n"	"L11631"	
"407.15198"	"407.151979"	"3470"	"4.28e+05"	B+	"2.58810592"	"5.63240401"	"3"	"4"		"T5720"	"L11631"	
"407.17377"	"407.173752"	"710000"	"7.64e+07"	A	"1.60789577"	"4.65203107"	"2"	"2"		"T3831"	"L11631"	
"407.25021"	"407.250219"	"780"	"4.88e+06"	B	"3.43018998"	"6.47375371"	"1"	"1"		"T6110"	"L11631"	
"407.37620"	"407.376195"	"3550"	"1.68e+07"	B	"3.26570610"	"6.30832866"	"2"	"1"		"T5720"	"L11631"	
"407.4786"	"407.478563"	"7200bl"	"3.43e+06"	C+	"3.04686890"	"6.08872711"	"4"	"4"		"T5720"	"L11631"	
"407.62177"	"407.62185"	"890"	"1.4e+06"	E	"3.07133880"	"6.11212776"	"1"	"1"		"T2578n"	"L11631"	
"407.64895"	"407.648942"	"2950"	"4.43e+05"	B	"2.60850194"	"5.64908881"	"2"	"3"		"T5720"	"L11631"	
"407.66288"	"407.662889"	"11200"	"1.32e+07"	B	"3.21118938"	"6.25167222"	"4"	"4"		"T5720"	"L11631"	
"407.67997"	"407.679979"	"1260"	"3.81e+06"	D+	"3.26570610"	"6.30606149"	"2"	"3"		"T5720"	"L11631"	
"407.68808"	"407.688109"	"195"	""		"3.26570610"	"6.30600086"	"2"	"2"		""	"L11631"	
"407.83536"	"407.835319"	"5400"	"4.55e+06"	B+	"2.60850194"	"5.64769932"	"2"	"1"		"T5720"	"L11631"	
"407.91678"	"407.916762"	"540"	"5.4e+06"	E	"3.41695281"	"6.45554341"	"2"	"2"		"T2578n"	"L11631"	
"407.98377"	"407.983784"	"4570"	"5.83e+06"	B	"2.85805275"	"5.89614419"	"0"	"1"		"T5720"	"L11631"	
"408.02089"	"408.02090"	"1820"	"2.3e+07"	D	"3.28302483"	"6.32083991"	"1"	"0"		"T2491n"	"L11631"	
"408.08766"	"408.087574"	"398"	"2.3e+06"	D	"3.29183986"	"6.32915863"	"0"	"1"		"T2578n"	"L11631"	
"408.12673"	"408.12663"	"151"	""		"4.21758325"	"7.2546114"	"1"	"2"		""	"L11631"	
"408.21076"	"408.210685"	"720"	"2.5e+06"	D	"3.41695281"	"6.45335558"	"2"	"2"		"T2578n"	"L11631"	
"408.24243"	"408.24252"	"347"	"4.0e+06"	E	"3.63521992"	"6.67138589"	"1"	"1"		"T2578n"	"L11631"	
"408.35489"	"408.35489"	"1020"	"1.84e+05"	C	"2.27860466"	"5.31393522"	"2"	"2"		"T5720"	"L11631"	
"408.37629"	"408.376288"	"810"	""		"3.41695281"	"6.45212430"	"2"	"1"		""	"L11631"	
"408.44913"	"408.449152"	"7100"	"8.66e+06"	C+	"3.33201954"	"6.36664959"	"5"	"4"		"T5720"	"L11631"	
"408.50038"	"408.500408"	"7800"	"4.7e+06"	D	"2.84504259"	"5.87929188"	"1"	"2"		"T2578n"	"L11631"	
"408.52480"	"408.524747"	"363"	""		"2.75857762"	"5.79264615"	"3"	"4"		""	"L11631"	
"408.53028"	"408.530273"	"5000"	"8.92e+06"	C+	"3.24096914"	"6.27499663"	"3"	"3"		"T5720"	"L11631"	
"408.5984"	"408.59820"	"331"	"5.1e+06"	E	"4.15435379"	"7.1878769"	"3"	"2"		"T2578n"	"L11631"	
"408.70936"	"408.709336"	"1050"	"1.9e+06"	D	"3.33201954"	"6.36471779"	"5"	"4"		"T2491n"	"L11631"	
"408.8204"	"408.81998"	"30"	""		"4.47327202"	"7.5051495"	"3"	"2"		""	"L11631"	
"408.85565"	"408.85558"	"560"	"4.2e+06"	D	"3.63977237"	"6.67138589"	"2"	"1"		"T2578n"	"L11631"	
"408.92166"	"408.921655"	"2290"	"3.45e+05"	C+	"2.94879294"	"5.97991659"	"5"	"5"		"T5720"	"L11631"	
"409.00724"	"409.007214"	"398"	"1.0e+06"	D	"3.39650880"	"6.42699840"	"3"	"3"		"T2578n"	"L11631"	
"409.09533"	"409.095319"	"468"	"1.1e+06"	D	"3.36825640"	"6.39809335"	"4"	"3"		"T2578n"	"L11631"	
"409.15528"	"409.155244"	"690"	"1.14e+06"	B	"2.83159117"	"5.86098438"	"2"	"1"		"T6110"	"L11631"	
"409.22767"	"409.22768"	"540"	""		"3.63521992"	"6.66407690"	"1"	"2"		""	"L11631"	
"409.25057"	"409.25068"	"309"	""		"3.63977237"	"6.66845912"	"2"	"3"		""	"L11631"	
"409.59705"	"409.597024"	"5600"	"2.65e+06"	B+	"2.58810592"	"5.61423177"	"3"	"2"		"T5720"	"L11631"	
"409.61069"	"409.61070"	"760"	""		"3.63977237"	"6.66579718"	"2"	"3"		""	"L11631"	
"409.62100"	"409.620856"	"468"	""		"0.95815732"	"3.98410712"	"3"	"2"		""	"L11631"	
"409.6690"	"409.66917"	"100"	""		"3.63521992"	"6.66081289"	"1"	"2"		""	"L11631"	
"409.6950"	"409.694921"	"209"	""		"2.43269470"	"5.45809748"	"5"	"4"		""	"L11631"	
"409.7017"	"409.701603"	"141"	""		"3.43018998"	"6.45554341"	"1"	"2"		""	"L11631"	
"409.70831"	"409.708319"	"500"	"2.9e+06"	E	"3.28302483"	"6.30832866"	"1"	"1"		"T2578n"	"L11631"	
"409.81755"	"409.817542"	"3800"	"7.49e+06"	B	"3.24096914"	"6.26546671"	"3"	"3"		"T5720"	"L11631"	
"410.0347"	"410.03476"	"240"	""		"4.25622280"	"7.2791181"	"3"	"3"		""	"L11631"	
"410.07376"	"410.073752"	"10000"	"2.92e+04"	A	"0.85899575"	"3.88160368"	"5"	"4"		"T3548"	"L11631"	
"410.12608"	"410.126090"	"1150"	"2.6e+06"	D	"3.39650880"	"6.41873101"	"3"	"3"		"T2491n"	"L11631"	
"410.1652"	"410.165162"	"234"	""		"3.43018998"	"6.45212430"	"1"	"1"		""	"L11631"	
"410.1685"	"410.16853"	"214"	"3.9e+05"	E	"2.48437256"	"5.50628207"	"0"	"1"		"T2578n"	"L11631"	
"410.3613"	"410.36106"	"89"	""		"3.25148176"	"6.27197352"	"3"	"3"		""	"L11631"	
"410.41133"	"410.411344"	"1700"	""		"3.26570610"	"6.28582776"	"2"	"2"		""	"L11631"	
"410.41536"	"410.415337"	"580"	""		"2.83159117"	"5.85168345"	"2"	"2"		""	"L11631"	
"410.4460"	"410.44601"	"204"	""		"2.99035244"	"6.01021907"	"4"	"3"		""	"L11631"	
"410.4940"	"410.494274"	"158"	"2.6e+05"	D	"3.33201954"	"6.35153108"	"5"	"5"		"T2578n"	"L11631"	
"410.62585"	"410.625858"	"930"	"3.3e+05"	E	"2.58810592"	"5.60664989"	"3"	"3"		"T2578n"	"L11631"	
"410.64226"	"410.642219"	"930"	"2.52e+06"	C+	"3.39650880"	"6.41493251"	"3"	"2"		"T5720"	"L11631"	
"410.74881"	"410.748817"	"14500"	"1.74e+07"	B	"2.83159117"	"5.84923154"	"2"	"1"		"T5720"	"L11631"	
"410.8133"	"410.812992"	"158"	"3.5e+05"	E	"3.24096914"	"6.25813812"	"3"	"4"		"T2578n"	"L11631"	
"410.90558"	"410.905627"	"950"	"3.62e+06"	C	"3.29183986"	"6.30832866"	"0"	"1"		"T5720"	"L11631"	
"410.98015"	"410.980156"	"11500"	"1.51e+07"	B	"2.84504259"	"5.86098438"	"1"	"1"		"T5720"	"L11631"	
"411.23182"	"411.231852"	"580"	"1.5e+06"	D	"3.39650880"	"6.41060472"	"3"	"2"		"T2578n"	"L11631"	
"411.2912"	"411.29114"	"120"	""		"4.15435379"	"7.16801526"	"3"	"3"		""	"L11631"	
"411.29586"	"411.29584"	"1120"	"1.1e+07"	D	"4.17769679"	"7.19132379"	"5"	"6"		"T2491n"	"L11631"	
"411.44447"	"411.444464"	"5200"	"3.92e+06"	C+	"2.83159117"	"5.84412959"	"2"	"2"		"T5720"	"L11631"	
"411.49374"	"411.493764"	"740"	"1.57e+06"	C+	"3.36825640"	"6.38043390"	"4"	"4"		"T5720"	"L11631"	
"411.5136"	"411.513277"	"110"	""		"3.36825640"	"6.38029108"	"4"	"3"		""	"L11631"	
"411.78526"	"411.785216"	"389"	""		"3.41695281"	"6.42699840"	"2"	"3"		""	"L11631"	
"411.85447"	"411.85443"	"47900"	"4.96e+07"	B	"3.57321890"	"6.58275864"	"5"	"6"		"T5720"	"L11631"	
"411.88865"	"411.888540"	"282"	"1.9e+06"	E	"3.26570610"	"6.27499663"	"2"	"3"		"T2578n"	"L11631"	
"412.02062"	"412.020628"	"6500"	"1.93e+06"	B	"2.99035244"	"5.99867825"	"4"	"5"		"T5720"	"L11631"	
"412.18024"	"412.180229"	"5900"	"1.99e+06"	B	"2.83159117"	"5.83875215"	"2"	"3"		"T5720"	"L11631"	
"412.25152"	"412.251533"	"4790"	"3.23e+06"	B	"2.84504259"	"5.85168345"	"1"	"2"		"T5720"	"L11631"	
"412.37280"	"412.372797"	"3390"	"6.04e+05"	B	"2.99035244"	"5.99610917"	"4"	"4"		"T5720"	"L11631"	
"412.37658"	"412.376489"	"950"	""		"2.60850194"	"5.61423177"	"2"	"2"		""	"L11631"	
"412.4487"	"412.448728"	"100"	""		"3.64164057"	"6.64684396"	"3"	"4"		""	"L11631"	
"412.5617"	"412.56199"	"363bl"	"9.9e+06"	E	"4.22036211"	"7.2247405"	"4"	"5"		"T2578n"	"L11631"	
"412.58801"	"412.588004"	"910"	"7.96e+05"	C	"2.84504259"	"5.84923154"	"1"	"1"		"T5720"	"L11631"	
"412.61824"	"412.618265"	"2880"	"4.2e+06"	D	"3.33201954"	"6.33598817"	"5"	"5"		"T2578n"	"L11631"	
"412.6854"	"412.68514"	"240"	"1.3e+06"	D	"2.84504259"	"5.84852446"	"1"	"0"		"T2578n"	"L11631"	
"412.76075"	"412.760758"	"11000"	"1.43e+07"	B	"2.85805275"	"5.86098438"	"0"	"1"		"T5720"	"L11631"	
"412.77840"	"412.778449"	"690"	""		"3.28302483"	"6.28582776"	"1"	"2"		""	"L11631"	
"412.78125"	"412.781278"	"2290"	""		"3.41489715"	"6.41767950"	"1"	"2"		""	"L11631"	
"412.9461"	"412.946006"	"234"	"6.5e+05"	E	"3.39650880"	"6.39809335"	"3"	"3"		"T2578n"	"L11631"	
"413.0036"	"413.00360"	"295bl*"	""		"3.11096179"	"6.11212776"	"0"	"1"		""	"L11631"	
"413.0036"	"413.003668"	"295bl*"	""		"1.55735733"	"4.55852281"	"3"	"3"		""	"L11631"	
"413.19351"	"413.193455"	"380"	""		"3.41695281"	"6.41673983"	"2"	"1"		""	"L11631"	
"413.1972"	"413.197092"	"324"	""		"3.26570610"	"6.26546671"	"2"	"3"		""	"L11631"	
"413.20579"	"413.205785"	"224000"	"1.18e+07"	B+	"1.60789577"	"4.60759327"	"2"	"3"		"T5720"	"L11631"	
"413.25326"	"413.25329"	"427"	""		"4.25622280"	"7.25557550"	"3"	"4"		""	"L11631"	
"413.28989"	"413.289900"	"11700"	"7.70e+06"	B	"2.84504259"	"5.84412959"	"1"	"2"		"T5720"	"L11631"	
"413.38554"	"413.385535"	"1620"	"2.12e+06"	C+	"3.36825640"	"6.36664959"	"4"	"4"		"T5720"	"L11631"	
"413.43360"	"413.433575"	"1170"	"1.06e+03"	C+	"0.0000000"	"2.99804479"	"4"	"3"		"T5720"	"L11631"	
"413.4420"	"413.441953"	"1410bl*"	"2.62e+06"	C+	"3.01725044"	"6.01523448"	"2"	"1"		"T5720"	"L11631"	
"413.4420"	"413.442551"	"1410bl*"	""		"3.41695281"	"6.41493251"	"2"	"2"		""	"L11631"	
"413.46773"	"413.467722"	"26900"	"1.25e+07"	C+	"2.83159117"	"5.82938837"	"2"	"3"		"T5720"	"L11631"	
"413.65211"	"413.652047"	"620"	"1.32e+06"	C	"3.36825640"	"6.36471779"	"4"	"4"		"T5720"	"L11631"	
"413.69974"	"413.699755"	"9300"	"2.75e+07"	B	"3.41489715"	"6.41101300"	"1"	"2"		"T5720"	"L11631"	
"413.99270"	"413.992679"	"2950"	"1.83e+04"	A	"0.99011115"	"3.98410712"	"2"	"2"		"T3548"	"L11631"	
"414.0402"	"414.040259"	"560bl"	""		"3.41695281"	"6.41060472"	"2"	"2"		""	"L11631"	
"414.18630"	"414.18628"	"2400"	"6.57e+05"	B	"3.01762252"	"6.01021907"	"3"	"3"		"T5720"	"L11631"	
"414.2589"	"414.25874"	"282"	"7.5e+06"	E	"4.30127816"	"7.2933513"	"1"	"2"		"T2578n"	"L11631"	
"414.34143"	"414.341445"	"63000"	"2.70e+07"	B	"3.04686890"	"6.03834476"	"4"	"4"		"T5720"	"L11631"	
"414.34969"	"414.349688"	"930"	""		"3.36825640"	"6.35967275"	"4"	"3"		""	"L11631"	
"414.38678"	"414.386752"	"363000"	"1.33e+07"	B+	"1.55735733"	"4.54850612"	"3"	"4"		"T5720"	"L11631"	
"414.5199"	"414.51993"	"240"	"7.8e+04"	E	"2.69240763"	"5.68259542"	"5"	"4"		"T2578n"	"L11631"	
"414.60639"	"414.606405"	"3240"	"3.78e+05"	C+	"2.99035244"	"5.97991659"	"4"	"5"		"T5720"	"L11631"	
"414.73418"	"414.734238"	"229"	""		"3.33201954"	"6.32066224"	"5"	"4"		""	"L11631"	
"414.76687"	"414.766863"	"6900"	"4.36e+05"	A	"1.48486439"	"4.47327202"	"4"	"3"		"T3831"	"L11631"	
"414.93648"	"414.936469"	"3720"	"4.23e+06"	C	"3.33201954"	"6.31920567"	"5"	"6"		"T5720"	"L11631"	
"414.97607"	"414.976032"	"263"	""		"0.05156912"	"3.03847046"	"3"	"2"		""	"L11631"	
"415.02488"	"415.024873"	"1410"	"7.7e+06"	D	"3.43018998"	"6.41673983"	"1"	"1"		"T2578n"	"L11631"	
"415.0447"	"415.044706"	"95"	""		"3.41489715"	"6.40130429"	"1"	"2"		""	"L11631"	
"415.1760"	"415.17638"	"79"	""		"4.22036211"	"7.2058221"	"4"	"4"		""	"L11631"	
"415.19446"	"415.194518"	"790"	""		"3.54652001"	"6.53184961"	"2"	"2"		""	"L11631"	
"415.21689"	"415.216867"	"7800"	"3.24e+04"	A	"0.95815732"	"3.94332623"	"3"	"3"		"T3548"	"L11631"	
"415.33868"	"415.33862"	"680"	""		"2.40407444"	"5.38836827"	"6"	"5"		""	"L11631"	
"415.38994"	"415.389948"	"12300"	"2.05e+07"	B+	"3.39650880"	"6.38043390"	"3"	"4"		"T5720"	"L11631"	
"415.40982"	"415.409833"	"760"	""		"3.39650880"	"6.38029108"	"3"	"3"		""	"L11631"	
"415.44984"	"415.449849"	"18600"	"2.64e+07"	B	"2.83159117"	"5.81508605"	"2"	"1"		"T5720"	"L11631"	
"415.48052"	"415.480514"	"10500"	"1.40e+07"	B	"3.36825640"	"6.35153108"	"4"	"5"		"T5720"	"L11631"	
"415.6454"	"415.645278"	"219"	""		"3.36825640"	"6.35034852"	"4"	"3"		""	"L11631"	
"415.66711"	"415.667123"	"2450"	"5.27e+05"	B	"2.94879294"	"5.93072834"	"5"	"5"		"T5720"	"L11631"	
"415.67985"	"415.679861"	"19100"	"1.20e+07"	B	"2.83159117"	"5.81343520"	"2"	"2"		"T5720"	"L11631"	
"415.77798"	"415.777954"	"8300"	"2.18e+07"	B+	"3.41695281"	"6.39809335"	"2"	"3"		"T5720"	"L11631"	
"415.87922"	"415.879208"	"4170"	"1.6e+07"	D	"3.43018998"	"6.41060472"	"1"	"2"		"T2578n"	"L11631"	
"416.05519"	"416.055180"	"288"	""		"2.94879294"	"5.92794713"	"5"	"4"		""	"L11631"	
"416.10766"	"416.107929"	"123"	"9.5e+05"	D	"3.36825640"	"6.34703293"	"4"	"4"		"T2578n"	"L11631"	
"416.14842"	"416.148427"	"1100"	"3.01e+05"	B	"3.01762252"	"5.99610917"	"3"	"4"		"T5720"	"L11631"	
"416.3676"	"416.368842"	"363"	""		"2.69240763"	"5.66931758"	"5"	"5"		""	"L11631"	
"416.4781"	"416.477932"	"930"	""		"2.99035244"	"5.96648265"	"4"	"3"		""	"L11631"	
"416.5358"	"416.535856"	"200"	""		"3.63977237"	"6.61548873"	"2"	"3"		""	"L11631"	
"416.54175"	"416.54177"	"447"	""		"3.63434980"	"6.6100239"	"6"	"5"		""	"L11631"	
"416.78584"	"416.78587"	"1050"	"5.85e+05"	C	"3.30140276"	"6.27533411"	"4"	"4"		"T5720"	"L11631"	
"416.79549"	"416.79560"	"650"	""		"3.69459719"	"6.66845912"	"4"	"3"		""	"L11631"	
"416.86145"	"416.861404"	"282"	"6.8e+05"	D	"3.36825640"	"6.34164892"	"4"	"3"		"T2578n"	"L11631"	
"416.89413"	"416.894277"	"417"	"1.9e+06"	D	"3.41695281"	"6.39011087"	"2"	"2"		"T2578n"	"L11631"	
"416.9756"	"416.975708"	"263"	"1.0e+06"	D	"3.39650880"	"6.36908625"	"3"	"2"		"T2578n"	"L11631"	
"417.09015"	"417.090127"	"5100"	"6.29e+06"	C+	"3.01725044"	"5.98901244"	"2"	"2"		"T5720"	"L11631"	
"417.10404"	"417.1044"	"1550"	""		"4.32010008"	"7.291761"	"6"	"5"		""	"L11631"	
"417.16905"	"417.16902"	"930"	"2.01e+06"	C	"3.69459719"	"6.66579718"	"4"	"3"		"T5720"	"L11631"	
"417.18990"	"417.18993"	"1350"	"1.09e+06"	C+	"3.30092244"	"6.27197352"	"2"	"3"		"T5720"	"L11631"	
"417.20391"	""	"2950"	""		""	""	""	""		""	"L11631"	
"417.21219"	"417.212183"	"6600"	"9.80e+06"	C+	"3.25148176"	"6.22237439"	"3"	"2"		"T5720"	"L11631"	
"417.2573"	"417.25739"	"158"	""		"3.30140276"	"6.27197352"	"4"	"3"		""	"L11631"	
"417.26405"	"417.264025"	"1290"	"2.24e+06"	B	"3.33201954"	"6.30254306"	"5"	"5"		"T5720"	"L11631"	
"417.27445"	"417.274423"	"11500"	"6.46e+04"	A	"0.95815732"	"3.92860683"	"3"	"2"		"T3548"	"L11631"	
"417.2962"	"417.29632"	"209"	""		"4.21758325"	"7.1878769"	"1"	"2"		""	"L11631"	
"417.3181"	"417.317796"	"158"	""		"3.39650880"	"6.36664959"	"3"	"4"		""	"L11631"	
"417.33148"	"417.331471"	"1580"	"2.63e+06"	C+	"2.84504259"	"5.81508605"	"1"	"1"		"T5720"	"L11631"	
"417.3472"	"417.347343"	"520"	""		"3.01725044"	"5.98718095"	"2"	"1"		""	"L11631"	
"417.39205"	"417.392038"	"4470"	"6.50e+04"	B	"0.99011115"	"3.95972364"	"2"	"1"		"T5720"	"L11631"	
"417.4402"	"417.43999"	"240"	""		"3.57321890"	"6.5424903"	"5"	"4"		""	"L11631"	
"417.49128"	"417.491238"	"13500"	"5.87e+04"	A	"0.91460217"	"3.88350907"	"4"	"3"		"T3548"	"L11631"	
"417.56358"	"417.563572"	"15800"	"1.14e+07"	B	"2.84504259"	"5.81343520"	"1"	"2"		"T5720"	"L11631"	
"417.5898"	"417.589404"	"240"	""		"3.39650880"	"6.36471779"	"3"	"4"		""	"L11631"	
"417.65656"	"417.656554"	"6600"	""		"3.36825640"	"6.33598817"	"4"	"5"		""	"L11631"	
"417.6864"	"417.68669"	"240"	""		"4.28330826"	"7.2508259"	"2"	"3"		""	"L11631"	
"417.7085"	"417.707581"	"141"	""		"3.33201954"	"6.29938878"	"5"	"4"		""	"L11631"	
"417.75936"	"417.759354"	"12900"	"3.71e+04"	A	"0.91460217"	"3.88160368"	"4"	"4"		"T3548"	"L11631"	
"418.0410"	"418.04085"	"186"	""		"2.72754450"	"5.6925481"	"4"	"3"		""	"L11631"	
"418.1186"	"418.11869"	"71"	""		"3.63521992"	"6.59967157"	"1"	"1"		""	"L11631"	
"418.15497"	"418.15491"	"417"	""		"3.54652001"	"6.51071489"	"2"	"1"		""	"L11631"	
"418.17544"	"418.175449"	"49000"	"2.32e+07"	B	"2.83159117"	"5.79564049"	"2"	"3"		"T5720"	"L11631"	
"418.23823"	"418.238239"	"3980"	"5.04e+06"	D+	"3.01725044"	"5.98085478"	"2"	"2"		"T5720"	"L11631"	
"418.27575"	"418.275792"	"417"	"1.3e+06"	D	"3.41695281"	"6.38029108"	"2"	"3"		"T2578n"	"L11631"	
"418.3006"	"418.300399"	"129"	"4.0e+05"	E	"3.39650880"	"6.35967275"	"3"	"3"		"T2578n"	"L11631"	
"418.48915"	"418.489130"	"16600"	"1.03e+07"	B	"2.83159117"	"5.79341882"	"2"	"2"		"T5720"	"L11631"	
"418.70387"	"418.703842"	"49000"	"2.15e+07"	B	"2.44955978"	"5.40986861"	"3"	"2"		"T4187"	"L11631"	
"418.75868"	"418.758722"	"1000"	"4.48e+06"	C+	"3.43018998"	"6.39011087"	"1"	"2"		"T5720"	"L11631"	
"418.77952"	"418.779491"	"52000"	"1.52e+07"	B	"2.42543332"	"5.38520741"	"4"	"3"		"T4187"	"L11631"	
"418.8327"	"418.83258"	"182"	""		"4.25622280"	"7.2156217"	"3"	"4"		""	"L11631"	
"418.87313"	"418.8731"	"1580"	""		"4.32010008"	"7.279213"	"6"	"7"		""	"L11631"	
"418.95563"	"418.955784"	"479"	"2.7e+06"	D	"3.69459719"	"6.65312587"	"4"	"3"		"T2578n"	"L11631"	
"419.14304"	"419.142997"	"33900"	"2.73e+07"	B	"2.46883473"	"5.42604198"	"2"	"1"		"T5720"	"L11631"	
"419.16763"	"419.167654"	"2690"	"4.06e+06"	B	"2.85805275"	"5.81508605"	"0"	"1"		"T5720"	"L11631"	
"419.36039"	"419.36049"	"65"	""		"2.43269470"	"5.38836827"	"5"	"5"		""	"L11631"	
"419.4493"	"419.44886"	"89"	""		"2.72754450"	"5.68259542"	"4"	"4"		""	"L11631"	
"419.53288"	"419.532874"	"9100"	"1.11e+07"	B	"3.33201954"	"6.28647868"	"5"	"5"		"T5720"	"L11631"	
"419.56176"	"419.561750"	"1150"	"1.21e+06"	C+	"3.01725044"	"5.97150625"	"2"	"2"		"T5720"	"L11631"	
"419.62081"	"419.620852"	"4790"	"1.09e+07"	B+	"3.39650880"	"6.35034852"	"3"	"3"		"T5720"	"L11631"	
"419.65308"	"419.653070"	"1020"	"3.0e+05"	E	"2.94879294"	"5.90240588"	"5"	"5"		"T2578n"	"L11631"	
"419.66712"	"419.66709"	"890"	""		"2.43269470"	"5.3862090"	"5"	"4"		""	"L11631"	
"419.7097"	"419.709607"	"479bl"	""		"0.99011115"	"3.94332623"	"2"	"3"		""	"L11631"	
"419.82466"	"419.824651"	"9100"	"1.47e+07"	B+	"3.36825640"	"6.32066224"	"4"	"4"		"T5720"	"L11631"	
"419.83041"	"419.830363"	"29500"	"8.03e+06"	B	"2.39920471"	"5.35157038"	"5"	"4"		"T4187"	"L11631"	
"419.8528"	"419.852526"	"219"	""		"2.99035244"	"5.94256226"	"4"	"4"		""	"L11631"	
"419.86338"	"419.863389"	"3390"	"1.25e+07"	B	"3.41695281"	"6.36908625"	"2"	"2"		"T5720"	"L11631"	
"419.9095"	"419.909489"	"145000bl"	"4.92e+07"	B	"3.04686890"	"5.99867825"	"4"	"5"		"T5720"	"L11631"	
"419.9361"	"419.936282"	"158"	""		"2.94879294"	"5.90041395"	"5"	"4"		""	"L11631"	
"419.99832"	"419.998366"	"1320"	""		"0.08728574"	"3.03847046"	"2"	"2"		""	"L11631"	
"420.0779"	"420.077749"	"71"	""		"1.60789577"	"4.55852281"	"2"	"3"		""	"L11631"	
"420.09239"	"420.092401"	"2340"	"6.25e+06"	C+	"3.39650880"	"6.34703293"	"3"	"4"		"T5720"	"L11631"	
"420.20289"	"420.202885"	"148000"	"8.22e+06"	A	"1.48486439"	"4.43461275"	"4"	"4"		"T3831"	"L11631"	
"420.2330"	"420.233478"	"229"	""		"2.58810592"	"5.53763954"	"3"	"2"		""	"L11631"	
"420.27527"	"420.275278"	"1910"	"2.53e+05"	C+	"3.04686890"	"5.99610917"	"4"	"4"		"T5720"	"L11631"	
"420.35675"	"420.356851"	"1050"	"1.70e+04"	C	"1.01105568"	"3.95972364"	"1"	"1"		"T5720"	"L11631"	
"420.39380"	"420.39380"	"2750"	"2.97e+06"	B	"3.63434980"	"6.58275864"	"6"	"6"		"T5720"	"L11631"	
"420.39845"	"420.398445"	"12300"	"7.37e+06"	B	"2.84504259"	"5.79341882"	"1"	"2"		"T5720"	"L11631"	
"420.55382"	"420.553882"	"980"	"2.77e+06"	D+	"3.41695281"	"6.36423934"	"2"	"2"		"T5720"	"L11631"	
"420.66964"	"420.669619"	"11500"	"5.90e+03"	D+	"0.05156912"	"2.99804479"	"3"	"3"		"T5720"	"L11631"	
"420.71268"	"420.712709"	"3550"	"4.8e+06"	D+	"2.83159117"	"5.77776507"	"2"	"1"		"T2491n"	"L11631"	
"420.86038"	"420.860387"	"2750"	""		"3.39650880"	"6.34164892"	"3"	"3"		""	"L11631"	
"420.9829"	"420.98282"	"50"	""		"4.32010008"	"7.26438371"	"6"	"5"		""	"L11631"	
"421.03433"	"421.03430"	"18200"	"1.48e+07"	B	"2.48211840"	"5.42604198"	"1"	"1"		"T5720"	"L11631"	
"421.03830"	"421.03829"	"3720"	"7.18e+06"	B	"3.07133880"	"6.01523448"	"1"	"1"		"T5720"	"L11631"	
"421.36471"	"421.36476"	"6600"	"2.1e+07"	D+	"2.84504259"	"5.7866575"	"1"	"0"		"T2491n"	"L11631"	
"421.54230"	"421.54231"	"3020"	"5.98e+05"	B	"2.99035244"	"5.93072834"	"4"	"5"		"T5720"	"L11631"	
"421.5477"	"421.54816"	"240"	""		"2.99035244"	"5.93068755"	"4"	"3"		""	"L11631"	
"421.59675"	"421.59673"	"650"	""		"2.69240763"	"5.63240401"	"5"	"4"		""	"L11631"	
"421.61835"	"421.618312"	"54000"	"1.84e+04"	A	"0.0000000"	"2.93984587"	"4"	"4"		"T3547"	"L11631"	
"421.75453"	"421.75454"	"6900"	"2.46e+07"	B+	"3.43018998"	"6.36908625"	"1"	"2"		"T5720"	"L11631"	
"421.93601"	"421.93595"	"32400"	"2.88e+07"	B+	"3.57321890"	"6.51085164"	"5"	"6"		"T5720"	"L11631"	
"421.94141"	"421.94142"	"1740"	"5.29e+05"	B	"2.99035244"	"5.92794713"	"4"	"4"		"T5720"	"L11631"	
"422.0049"	"422.00483"	"174"	"2.8e+06"	E	"3.92860683"	"6.86576013"	"2"	"1"		"T2578n"	"L11631"	
"422.03414"	"422.03412"	"3310"	"1.83e+07"	C+	"3.07133880"	"6.00828827"	"1"	"0"		"T5720"	"L11631"	
"422.22128"	"422.22127"	"20400"	"5.76e+06"	B	"2.44955978"	"5.38520741"	"3"	"3"		"T4187"	"L11631"	
"422.32329"	"422.32339"	"282"	""		"2.45343044"	"5.38836827"	"4"	"5"		""	"L11631"	
"422.37286"	"422.37285"	"324"	""		"2.94879294"	"5.88338708"	"5"	"4"		""	"L11631"	
"422.41714"	"422.41711"	"8100"	"1.06e+07"	B+	"3.36825640"	"6.30254306"	"4"	"5"		"T5720"	"L11631"	
"422.45125"	"422.45128"	"1950"	"6.81e+06"	C	"3.43018998"	"6.36423934"	"1"	"2"		"T5720"	"L11631"	
"422.54540"	"422.54541"	"7900"	"1.65e+07"	B+	"3.41695281"	"6.35034852"	"2"	"3"		"T5720"	"L11631"	
"422.5713"	"422.57140"	"229"	""		"4.22036211"	"7.15357742"	"4"	"4"		""	"L11631"	
"422.59554"	"422.59555"	"10500"	"1.32e+06"	B+	"3.04686890"	"5.97991659"	"4"	"5"		"T5720"	"L11631"	
"422.63426"	"422.63434"	"380"	""		"2.45343044"	"5.3862090"	"4"	"4"		""	"L11631"	
"422.64237"	"422.64241"	"3160"	"4.3e+06"	D+	"2.84504259"	"5.77776507"	"1"	"1"		"T2491n"	"L11631"	
"422.74263"	"422.74264"	"54000"	"5.29e+07"	B	"3.33201954"	"6.26404671"	"5"	"6"		"T5720"	"L11631"	
"422.8718"	"422.87170"	"71"	""		"3.36825640"	"6.29938878"	"4"	"4"		""	"L11631"	
"422.9404"	"422.94052"	"105"	""		"2.58810592"	"5.51876133"	"3"	"2"		""	"L11631"	
"422.95100"	"422.95093"	"1120"	"2.93e+06"	C+	"3.27398440"	"6.20456765"	"1"	"1"		"T5720"	"L11631"	
"422.97514"	"422.97531"	"780"	"1.99e+04"	A	"1.48486439"	"4.41527878"	"4"	"3"		"T3831"	"L11631"	
"423.27260"	"423.27261"	"1200"	"8.78e+02"	A	"0.11011433"	"3.03847046"	"1"	"2"		"T3547"	"L11631"	
"423.36025"	"423.36021"	"42700"	"1.85e+07"	B	"2.48211840"	"5.40986861"	"1"	"2"		"T4187"	"L11631"	
"423.53870"	"423.53857"	"427"	"1.57e+06"	D+	"3.39650880"	"6.32302612"	"3"	"2"		"T5720"	"L11631"	
"423.5817"	"423.58209"	"40"	""		"2.40407444"	"5.33029109"	"6"	"5"		""	"L11631"	
"423.59367"	"423.59361"	"89000"	"1.88e+07"	B	"2.42543332"	"5.35157038"	"4"	"4"		"T4187"	"L11631"	
"423.70739"	"423.70733"	"540"	"2.22e+03"	B+	"0.95815732"	"3.88350907"	"3"	"3"		"T4920"	"L11631"	
"423.7671"	"423.76701"	"251"	""		"3.01762252"	"5.94256226"	"3"	"4"		""	"L11631"	
"423.80235"	"423.80231"	"3390"	""		"3.41695281"	"6.34164892"	"2"	"3"		""	"L11631"	
"423.8608"	"423.86116"	"219"	""		"3.63434980"	"6.5586399"	"6"	"5"		""	"L11631"	
"423.88097"	"423.88096"	"15100"	"2.41e+07"	B+	"3.39650880"	"6.32066224"	"3"	"4"		"T5720"	"L11631"	
"423.93610"	"423.93617"	"510"	"1.3e+06"	E	"3.64164057"	"6.56541325"	"3"	"4"		"T2578n"	"L11631"	
"423.97321"	"423.97320"	"6300"	"8.46e+05"	B	"2.94879294"	"5.87231021"	"5"	"6"		"T5720"	"L11631"	
"423.98474"	"423.98477"	"8500"	"7.67e+05"	B+	"2.69240763"	"5.61584517"	"5"	"5"		"T5720"	"L11631"	
"423.99421"	"423.99422"	"372"	""		"3.07133880"	"5.99471113"	"1"	"1"		""	"L11631"	
"424.03705"	"424.03704"	"1000"	"6.70e+06"	C+	"3.54652001"	"6.46959714"	"2"	"1"		"T5720"	"L11631"	
"424.06938"	"424.06919"	"339"	""		"2.99035244"	"5.91320801"	"4"	"3"		""	"L11631"	
"424.1114"	"424.11168"	"195"	"4.3e+05"	D	"2.83159117"	"5.75415389"	"2"	"1"		"T2578n"	"L11631"	
"424.25957"	"424.25952"	"540"	"1.19e+05"	C+	"2.72754450"	"5.64908881"	"4"	"3"		"T5720"	"L11631"	
"424.27291"	"424.27294"	"1200"	"1.32e+06"	C+	"3.30092244"	"6.22237439"	"2"	"2"		"T5720"	"L11631"	
"424.33682"	"424.33683"	"600"	""		"3.63977237"	"6.56078442"	"2"	"2"		""	"L11631"	
"424.3541"	"424.35434"	"224"	""		"3.69459719"	"6.61548873"	"4"	"3"		""	"L11631"	
"424.38159"	"424.38152"	"389"	"2.5e+06"	D	"3.88350907"	"6.80421351"	"3"	"2"		"T2578n"	"L11631"	
"424.52569"	"424.52573"	"5600"	"9.0e+06"	D+	"2.85805275"	"5.77776507"	"0"	"1"		"T2491n"	"L11631"	
"424.53441"	"424.53440"	"1170"	"1.01e+06"	C+	"3.33201954"	"6.25167222"	"5"	"4"		"T5720"	"L11631"	
"424.60125"	"424.60126"	"240"	""		"3.27398440"	"6.19317735"	"1"	"0"		""	"L11631"	
"424.60847"	"424.60841"	"1260"	"5.85e+06"	C+	"3.64164057"	"6.56078442"	"3"	"2"		"T5720"	"L11631"	
"424.73058"	"424.73054"	"1450"	"1.02e+05"	C+	"2.45343044"	"5.37173492"	"4"	"3"		"T5720"	"L11631"	
"424.74253"	"424.74250"	"15800"	"1.94e+07"	B	"3.36825640"	"6.28647868"	"4"	"5"		"T5720"	"L11631"	
"424.82238"	"424.82237"	"2820"	"3.82e+06"	C+	"3.07133880"	"5.98901244"	"1"	"2"		"T5720"	"L11631"	
"424.84023"	"424.84021"	"316"	""		"1.01105568"	"3.92860683"	"1"	"2"		""	"L11631"	
"424.9579"	"424.95833"	"145"	""		"2.55917148"	"5.47591165"	"4"	"3"		""	"L11631"	
"425.01192"	"425.01188"	"71000"	"2.07e+07"	B	"2.46883473"	"5.38520741"	"2"	"3"		"T4187"	"L11631"	
"425.0191"	"425.01880"	"219"	""		"2.40407444"	"5.32039963"	"6"	"5"		""	"L11631"	
"425.07866"	"425.07864"	"214000"	"1.02e+07"	B+	"1.55735733"	"4.47327202"	"3"	"3"		"T5720"	"L11631"	
"425.08915"	"425.08921"	"398"	""		"3.07133880"	"5.98718095"	"1"	"1"		""	"L11631"	
"425.1497"	"425.14979"	"89bl"	""		"3.69459719"	"6.6100239"	"4"	"5"		""	"L11631"	
"425.1641"	"425.16442"	"50"	""		"2.40407444"	"5.31940082"	"6"	"6"		""	"L11631"	
"425.3930"	"425.39297"	"191"	""		"3.63977237"	"6.55353246"	"2"	"1"		""	"L11631"	
"425.49450"	"425.49447"	"690"	"1.43e+05"	C+	"3.01762252"	"5.93068755"	"3"	"3"		"T5720"	"L11631"	
"425.55001"	"425.55004"	"890"	"7.13e+05"	D+	"3.01762252"	"5.93030716"	"3"	"2"		"T5720"	"L11631"	
"425.6205"	"425.62001"	"135"	""		"3.41695281"	"6.32915863"	"2"	"1"		""	"L11631"	
"425.6309"	"425.63112"	"204"	""		"2.43269470"	"5.34482452"	"5"	"4"		""	"L11631"	
"425.6807"	"425.68043"	"71"	""		"4.25622280"	"7.16801526"	"3"	"3"		""	"L11631"	
"425.83156"	"425.83157"	"3240"	"2.54e+03"	A	"0.08728574"	"2.99804479"	"2"	"3"		"T3547"	"L11631"	
"425.86109"	"425.86133"	"331"	"8.0e+05"	D	"2.83159117"	"5.74214676"	"2"	"2"		"T2578n"	"L11631"	
"425.89514"	"425.89513"	"980"	"2.34e+05"	C+	"3.01762252"	"5.92794713"	"3"	"4"		"T5720"	"L11631"	
"425.9336"	"425.93364"	"151"	"4.19e+04"	D+	"2.99035244"	"5.90041395"	"4"	"4"		"T6110"	"L11631"	
"425.99989"	"425.99989"	"1200"	"1.57e+06"	D	"3.33201954"	"6.24162851"	"5"	"6"		"T5720"	"L11631"	
"426.00803"	"426.00813"	"200"	""		"3.39650880"	"6.30606149"	"3"	"3"		""	"L11631"	
"426.01349"	"426.01350"	"1410"	"2.20e+06"	C+	"3.07133880"	"5.98085478"	"1"	"2"		"T5720"	"L11631"	
"426.04741"	"426.04736"	"224000"	"3.99e+07"	B	"2.39920471"	"5.30848946"	"5"	"5"		"T5720"	"L11631"	
"426.07286"	"426.07277"	"219"	""		"2.84504259"	"5.75415389"	"1"	"1"		""	"L11631"	
"426.42032"	"426.42033"	"870"	"1.62e+06"	C+	"3.36825640"	"6.27499663"	"4"	"3"		"T5720"	"L11631"	
"426.5236"	"426.52359"	"170"	""		"3.95972364"	"6.86576013"	"1"	"1"		""	"L11631"	
"426.52678"	"426.52683"	"437"	""		"3.92860683"	"6.83462125"	"2"	"3"		""	"L11631"	
"426.69642"	"426.69641"	"6200"	"6.27e+05"	B+	"2.72754450"	"5.63240401"	"4"	"4"		"T5720"	"L11631"	
"426.7389"	"426.73914"	"120"	""		"4.28330826"	"7.1878769"	"2"	"2"		""	"L11631"	
"426.78262"	"426.78263"	"4680"	"8.17e+06"	B	"3.11096179"	"6.01523448"	"0"	"1"		"T5720"	"L11631"	
"426.87485"	"426.87486"	"1660"	"3.30e+06"	C+	"3.30092244"	"6.20456765"	"2"	"1"		"T5720"	"L11631"	
"427.11535"	"427.11531"	"87000"	"1.82e+07"	B	"2.44955978"	"5.35157038"	"3"	"4"		"T4187"	"L11631"	
"427.17602"	"427.17599"	"630000"	"2.28e+07"	A	"1.48486439"	"4.38646275"	"4"	"5"		"T3831"	"L11631"	
"427.1942"	"427.19406"	"288"	""		"2.43269470"	"5.33417031"	"5"	"4"		""	"L11631"	
"427.38682"	"427.38676"	"479"	""		"3.07133880"	"5.97150625"	"1"	"2"		""	"L11631"	
"427.5698"	"427.56979"	"288"	"5.59e+04"	D+	"2.55917148"	"5.45809748"	"4"	"4"		"T5720"	"L11631"	
"427.66758"	"427.66743"	"479"	"2.6e+06"	D	"3.88160368"	"6.77986785"	"4"	"4"		"T2578n"	"L11631"	
"427.82311"	"427.82300"	"580"	"1.0e+06"	D	"3.36825640"	"6.26546671"	"4"	"3"		"T2578n"	"L11631"	
"427.9488"	"427.94878"	"398"	"1.5e+06"	D	"3.88350907"	"6.77986785"	"3"	"4"		"T2578n"	"L11631"	
"427.9870"	"427.98685"	"115"	"6.5e+05"	D	"2.85805275"	"5.75415389"	"0"	"1"		"T2578n"	"L11631"	
"428.0539"	"428.05350"	"437bl"	"3.1e+05"	E	"3.23672008"	"6.13237029"	"6"	"5"		"T2578n"	"L11631"	
"428.24026"	"428.24026"	"89000"	"1.21e+07"	B+	"2.17594512"	"5.07033256"	"3"	"2"		"T5720"	"L11631"	
"428.4405"	"428.44051"	"540bl*"	"1.1e+05"	E	"2.99035244"	"5.88338708"	"4"	"4"		"T2578n"	"L11631"	
"428.4405"	"428.44080"	"540bl*"	""		"4.37135106"	"7.26438371"	"4"	"5"		""	"L11631"	
"428.54417"	"428.54415"	"4170"	"1.78e+06"	D+	"3.23672008"	"6.12905507"	"6"	"6"		"T5720"	"L11631"	
"428.5822"	"428.58234"	"324"	"1.3e+06"	D	"3.63977237"	"6.53184961"	"2"	"2"		"T2578n"	"L11631"	
"428.64340"	"428.64319"	"520"	"1.7e+05"	D	"2.94879294"	"5.84045966"	"5"	"4"		"T2578n"	"L11631"	
"428.6864"	"428.68631"	"316"	""		"3.41695281"	"6.30832866"	"2"	"1"		""	"L11631"	
"428.69834"	"428.69829"	"590"	""		"3.94332623"	"6.83462125"	"3"	"3"		""	"L11631"	
"428.7938"	"428.79396"	"229"	""		"3.43018998"	"6.32083991"	"1"	"0"		""	"L11631"	
"428.81455"	"428.81455"	"3470"	"4.49e+05"	B+	"2.75857762"	"5.64908881"	"3"	"3"		"T5720"	"L11631"	
"428.8956"	"428.89548"	"339"	"2.92e+05"	C	"2.58810592"	"5.47807170"	"3"	"2"		"T5720"	"L11631"	
"428.99143"	"428.99149"	"417"	""		"3.39650880"	"6.28582776"	"3"	"2"		""	"L11631"	
"429.03786"	"429.03789"	"1780"	"6.29e+05"	C+	"2.99035244"	"5.87935896"	"4"	"5"		"T5720"	"L11631"	
"429.08644"	"429.08641"	"269"	"3.83e+05"	C+	"2.83159117"	"5.72027099"	"2"	"3"		"T5720"	"L11631"	
"429.14634"	"429.14629"	"9800"	"3.35e+03"	B	"0.05156912"	"2.93984587"	"3"	"4"		"T5720"	"L11631"	
"429.2117"	"429.21170"	"145"	""		"2.17594512"	"5.06378173"	"3"	"3"		""	"L11631"	
"429.2163"	"429.21629"	"166"	""		"2.58810592"	"5.47591165"	"3"	"3"		""	"L11631"	
"429.22841"	"429.22847"	"234"	""		"2.19786640"	"5.08559017"	"2"	"2"		""	"L11631"	
"429.37980"	"429.37979"	"600"	""		"2.43269470"	"5.31940082"	"5"	"6"		""	"L11631"	
"429.40374"	"429.40371"	"407"	""		"2.55917148"	"5.44571679"	"4"	"3"		""	"L11631"	
"429.41245"	"429.41244"	"58000"	"3.12e+06"	B+	"1.48486439"	"4.37135106"	"4"	"4"		"T5720"	"L11631"	
"429.80362"	"429.80364"	"6300"	"1.23e+06"	B	"3.04686890"	"5.93072834"	"4"	"5"		"T5720"	"L11631"	
"429.9235"	"429.92340"	"63000bl*"	"1.29e+07"	B+	"2.42543332"	"5.30848946"	"4"	"5"		"T5720"	"L11631"	
"429.9235"	"429.92394"	"63000bl*"	""		"3.26711257"	"6.15016512"	"5"	"5"		""	"L11631"	
"429.9467"	"429.94666"	"219"	""		"3.25148176"	"6.13438193"	"3"	"3"		""	"L11631"	
"429.96283"	"429.96288"	"500"	"2.65e+05"	B	"3.01762252"	"5.90041395"	"3"	"4"		"T6110"	"L11631"	
"430.0206"	"430.02036"	"115"	"6.5e+05"	E	"3.88160368"	"6.76400977"	"4"	"4"		"T2578n"	"L11631"	
"430.21855"	"430.21856"	"2750"	"7.70e+05"	B	"3.04686890"	"5.92794713"	"4"	"4"		"T5720"	"L11631"	
"430.45405"	"430.45402"	"1550"	"3.06e+05"	B	"2.94879294"	"5.82829520"	"5"	"5"		"T5720"	"L11631"	
"430.5131"	"430.51336"	"120"	""		"2.72754450"	"5.60664989"	"4"	"3"		""	"L11631"	
"430.52067"	"430.52061"	"347"	"4.7e+05"	E	"3.54652001"	"6.42557692"	"2"	"3"		"T2578n"	"L11631"	
"430.54502"	"430.54501"	"3890"	"5.54e+06"	C+	"3.01725044"	"5.89614419"	"2"	"1"		"T5720"	"L11631"	
"430.6578"	"430.65796"	"129"	""		"3.43018998"	"6.30832866"	"1"	"1"		""	"L11631"	
"430.7704"	"430.77042"	"182"	""		"3.26711257"	"6.14449991"	"5"	"4"		""	"L11631"	
"430.79020"	"430.79017"	"630000"	"3.38e+07"	B+	"1.55735733"	"4.43461275"	"3"	"4"		"T5720"	"L11631"	
"430.8495"	"430.84928"	"52"	""		"2.45343044"	"5.33029109"	"4"	"5"		""	"L11631"	
"430.90304"	"430.90303"	"2290"	"1.96e+06"	B	"3.63434980"	"6.51085164"	"6"	"6"		"T5720"	"L11631"	
"430.93742"	"430.93741"	"10500"	"1.78e+06"	C+	"2.94879294"	"5.82506529"	"5"	"6"		"T5720"	"L11631"	
"430.94535"	"430.94538"	"331"	""		"3.11096179"	"5.98718095"	"0"	"1"		""	"L11631"	
"431.0374"	"431.03717"	"324"	"2.4e+06"	E	"3.92860683"	"6.80421351"	"2"	"2"		"T2578n"	"L11631"	
"431.50843"	"431.50844"	"62000"	"7.76e+06"	B+	"2.19786640"	"5.07033256"	"2"	"2"		"T5720"	"L11631"	
"431.7047"	"431.70482"	"129"	"5.2e+05"	E	"3.54652001"	"6.41767950"	"2"	"2"		"T2578n"	"L11631"	
"431.8801"	"431.88051"	"309"	""		"2.58810592"	"5.45809748"	"3"	"4"		""	"L11631"	
"432.0483"	"432.04860"	"120"	""		"3.41695281"	"6.28582776"	"2"	"2"		""	"L11631"	
"432.4948"	"432.49479"	"398"	""		"2.19786640"	"5.06378173"	"2"	"3"		""	"L11631"	
"432.51747"	"432.51754"	"407"	""		"3.01762252"	"5.88338708"	"3"	"4"		""	"L11631"	
""	"432.573891"	"m"	""		"0.0000000"	"2.86539125"	"4"	"3"		""	"L11631"	
"432.57616"	"432.57616"	"830000"	"5.16e+07"	B+	"1.60789577"	"4.47327202"	"2"	"3"		"T5720"	"L11631"	
"432.59397"	"432.59405"	"720"	"4.81e+05"	D+	"3.26711257"	"6.13237029"	"5"	"5"		"T5720"	"L11631"	
"432.67530"	"432.67529"	"1200"	"4.63e+05"	C	"2.94879294"	"5.81351269"	"5"	"4"		"T5720"	"L11631"	
"432.70953"	"432.70954"	"3630"	"1.12e+07"	B	"3.54652001"	"6.41101300"	"2"	"2"		"T5720"	"L11631"	
"432.79031"	"432.79034"	"790"	"7.16e+05"	C+	"3.30140276"	"6.16536100"	"4"	"4"		"T5720"	"L11631"	
"433.09516"	"433.09517"	"200"	""		"3.26711257"	"6.12905507"	"5"	"6"		""	"L11631"	
"433.70460"	"433.70454"	"22900"	"1.02e+06"	A	"1.55735733"	"4.41527878"	"3"	"3"		"T3831"	"L11631"	
"433.7517"	"433.75168"	"100"	""		"2.58810592"	"5.44571679"	"3"	"3"		""	"L11631"	
"433.82475"	"433.82574"	"295"	"7.9e+04"	D	"2.17594512"	"5.03306811"	"3"	"4"		"T2578n"	"L11631"	
"434.0490"	"434.04889"	"170"	""		"2.75857762"	"5.61423177"	"3"	"2"		""	"L11631"	
"434.1813"	"434.18115"	"89"	""		"3.54652001"	"6.40130429"	"2"	"2"		""	"L11631"	
"434.32161"	"434.32153"	"316"	""		"4.10337372"	"6.95723530"	"4"	"5"		""	"L11631"	
"434.3271"	"434.32708"	"1020bl"	"1.6e+06"	D	"3.25148176"	"6.10530689"	"3"	"2"		"T2578n"	"L11631"	
"434.36972"	"434.36971"	"1260"	"6.21e+05"	B	"3.04686890"	"5.90041395"	"4"	"4"		"T6110"	"L11631"	
"434.3869"	"434.38726"	"110"	""		"3.54652001"	"6.39994976"	"2"	"3"		""	"L11631"	
"434.44993"	"434.44990"	"331"	""		"3.60252504"	"6.45554341"	"3"	"2"		""	"L11631"	
"434.4890"	"434.48861"	"182"	""		"4.15435379"	"7.00711799"	"3"	"4"		""	"L11631"	
"434.65523"	"434.65522"	"1450"	"7.52e+05"	B	"3.30140276"	"6.15307342"	"4"	"4"		"T5720"	"L11631"	
"434.72333"	"434.723287"	"398"	"1.23e+02"	A	"0.0000000"	"2.85122419"	"4"	"4"		"T3547"	"L11631"	
"434.78323"	"434.78332"	"407"	"1.7e+06"	D	"3.60252504"	"6.45335558"	"3"	"2"		"T2578n"	"L11631"	
"434.89363"	"434.89366"	"1070"	"2.82e+05"	D+	"2.99035244"	"5.84045966"	"4"	"4"		"T5720"	"L11631"	
"435.15436"	"435.15437"	"2340"	"9.39e+05"	B	"2.99035244"	"5.83875215"	"4"	"3"		"T5720"	"L11631"	
"435.27344"	"435.27345"	"36300"	"3.63e+06"	B+	"2.22271209"	"5.07033256"	"1"	"2"		"T5720"	"L11631"	
"435.84989"	"435.85007"	"1860"	"8.09e+05"	C+	"2.94879294"	"5.79264615"	"5"	"4"		"T5720"	"L11631"	
"435.8684"	"435.86835"	"155"	""		"3.01725044"	"5.86098438"	"2"	"1"		""	"L11631"	
"436.08029"	"436.08040"	"166"	"1.0e+06"	D	"3.64164057"	"6.48399171"	"3"	"2"		"T2578n"	"L11631"	
"436.58964"	"436.58963"	"520"	"2.81e+05"	C	"2.99035244"	"5.82938837"	"4"	"3"		"T5720"	"L11631"	
"436.75782"	"436.75781"	"9100"	"1.56e+06"	B	"2.99035244"	"5.82829520"	"4"	"5"		"T5720"	"L11631"	
"436.79033"	"436.79032"	"1860"	"9.09e+04"	C+	"1.60789577"	"4.44562726"	"2"	"2"		"T5720"	"L11631"	
"436.97715"	"436.97716"	"27500"	"6.09e+06"	C+	"3.04686890"	"5.88338708"	"4"	"4"		"T5720"	"L11631"	
"437.0981"	"437.09763"	"71"	""		"2.17594512"	"5.01168158"	"3"	"4"		""	"L11631"	
"437.29814"	"437.29863"	"347"	"1.8e+05"	D	"3.01725044"	"5.85168345"	"2"	"2"		"T2578n"	"L11631"	
"437.35604"	"437.35605"	"1510"	"1.04e+06"	C	"3.01762252"	"5.85168345"	"3"	"2"		"T5720"	"L11631"	
"437.44889"	"437.44888"	"620"	"1.68e+05"	C	"3.30092244"	"6.13438193"	"2"	"3"		"T5720"	"L11631"	
"437.5476"	"437.54768"	"141"	"1.53e+05"	D+	"3.57321890"	"6.40603863"	"5"	"4"		"T6110"	"L11631"	
"437.59298"	"437.592935"	"138000"	"2.95e+04"	A	"0.0000000"	"2.83252676"	"4"	"5"		"T3547"	"L11631"	
"437.59859"	"437.59860"	"389"	""		"3.04686890"	"5.87935896"	"4"	"5"		""	"L11631"	
"437.6774"	"437.67725"	"490bl*"	"5.35e+05"	D+	"3.01725044"	"5.84923154"	"2"	"1"		"T5720"	"L11631"	
"437.6774"	"437.67821"	"490bl*"	""		"3.64164057"	"6.47361547"	"3"	"3"		""	"L11631"	
"437.77913"	"437.77906"	"372"	"3.8e+05"	D	"3.27398440"	"6.10530689"	"1"	"2"		"T2578n"	"L11631"	
"438.27677"	"438.27676"	"2450"	"1.54e+06"	C+	"3.57321890"	"6.40132623"	"5"	"5"		"T5720"	"L11631"	
"438.35447"	"438.35444"	"141000"	"5.00e+07"	A	"1.48486439"	"4.31247059"	"4"	"5"		"T3831"	"L11631"	
"438.46719"	"438.46718"	"520"	"5.4e+05"	E	"3.01725044"	"5.84412959"	"2"	"2"		"T2578n"	"L11631"	
"438.52493"	"438.52490"	"209"	""		"3.01762252"	"5.84412959"	"3"	"2"		""	"L11631"	
"438.78909"	"438.78908"	"3240"	"3.46e+06"	C+	"3.07133880"	"5.89614419"	"1"	"1"		"T5720"	"L11631"	
"438.84065"	"438.84066"	"5100"	"1.03e+07"	B	"3.60252504"	"6.42699840"	"3"	"3"		"T5720"	"L11631"	
"438.9245"	"438.92442"	"3240bl"	"1.81e+03"	A	"0.05156912"	"2.87550352"	"3"	"2"		"T3547"	"L11631"	
"439.04477"	"439.04478"	"251"	"1.4e+05"	D	"2.99035244"	"5.81351269"	"4"	"4"		"T2578n"	"L11631"	
"439.0752"	"439.07509"	"151"	""		"4.22036211"	"7.04332745"	"4"	"4"		""	"L11631"	
"439.09502"	"439.09503"	"5500"	"1.16e+06"	C+	"3.01762252"	"5.84045966"	"3"	"4"		"T5720"	"L11631"	
"439.1863"	"439.18610"	"363"	"1.1e+06"	E	"3.92860683"	"6.75085864"	"2"	"1"		"T2578n"	"L11631"	
"439.2579"	"439.25795"	"166"	"4.1e+05"	E	"3.88160368"	"6.70339390"	"4"	"4"		"T2578n"	"L11631"	
"439.3024"	"439.30286"	"40"	""		"3.01725044"	"5.83875215"	"2"	"3"		""	"L11631"	
"439.3090"	"439.30914"	"141"	""		"4.17769679"	"6.99915820"	"5"	"4"		""	"L11631"	
"439.52738"	"439.52739"	"251"	"1.70e+06"	B	"3.65369332"	"6.47375371"	"2"	"1"		"T6110"	"L11631"	
"439.5497"	"439.54983"	"209"	""		"3.88350907"	"6.70342551"	"3"	"2"		""	"L11631"	
"440.12896"	"440.12897"	"2190"	"6.4e+06"	D	"3.60252504"	"6.41873101"	"3"	"3"		"T2491n"	"L11631"	
"440.14426"	"440.14425"	"950"	"8.18e+05"	C+	"2.83159117"	"5.64769932"	"2"	"1"		"T5720"	"L11631"	
"440.3175"	"440.31749"	"162"	""		"4.54850612"	"7.3635064"	"4"	"3"		""	"L11631"	
"440.47501"	"440.47498"	"810000"	"2.75e+07"	A	"1.55735733"	"4.37135106"	"3"	"4"		"T3831"	"L11631"	
"440.50187"	"440.50185"	"1070"	"2.95e+02"	C+	"0.05156912"	"2.86539125"	"3"	"3"		"T5720"	"L11631"	
"440.7233"	"440.72342"	"257"	""		"3.60252504"	"6.41493251"	"3"	"2"		""	"L11631"	
"440.7657"	"440.76567"	"158"	""		"3.01725044"	"5.82938837"	"2"	"3"		""	"L11631"	
"440.77089"	"440.77086"	"2690"	"7.30e+05"	D+	"2.17594512"	"4.98804995"	"3"	"2"		"T5720"	"L11631"	
"440.84132"	"440.84132"	"3890"	"1.92e+06"	D+	"2.19786640"	"5.00952178"	"2"	"1"		"T5720"	"L11631"	
"440.91192"	"440.91189"	"468"	"7.4e+05"	D	"3.30092244"	"6.11212776"	"2"	"1"		"T2578n"	"L11631"	
"441.4931"	"441.49315"	"151"	""		"3.88350907"	"6.69101333"	"3"	"2"		""	"L11631"	
"441.51222"	"441.51221"	"288000"	"1.19e+07"	A	"1.60789577"	"4.41527878"	"2"	"3"		"T3831"	"L11631"	
"441.8419"	"441.84194"	"138"	""		"2.99035244"	"5.79564049"	"4"	"3"		""	"L11631"	
"442.25678"	"442.25677"	"12300"	"8.72e+06"	B+	"2.84504259"	"5.64769932"	"1"	"1"		"T5720"	"L11631"	
"442.31412"	"442.31407"	"295"	"1.3e+05"	E	"2.99035244"	"5.79264615"	"4"	"4"		"T2578n"	"L11631"	
"442.38405"	"442.38410"	"427"	"1.8e+06"	D	"3.65369332"	"6.45554341"	"2"	"2"		"T2578n"	"L11631"	
"442.4068"	"442.40673"	"120"	"2.37e+05"	C	"3.64164057"	"6.44334733"	"3"	"3"		"T6110"	"L11631"	
"442.41876"	"442.41873"	"251"	""		"3.54652001"	"6.34815078"	"2"	"2"		""	"L11631"	
"442.5656"	"442.56574"	"200"	""		"3.57321890"	"6.37391903"	"5"	"4"		""	"L11631"	
"442.5752"	"442.57511"	"89"	""		"3.26570610"	"6.06634697"	"2"	"2"		""	"L11631"	
""	"442.72981"	"m"	""		"3.65369332"	"6.45335558"	"2"	"2"		""	"L11631"	
"442.73096"	"442.73095"	"117000"	"3.41e+04"	A	"0.05156912"	"2.85122419"	"3"	"4"		"T3547"	"L11631"	
"442.8567"	"442.85702"	"110"	""		"3.94332623"	"6.74218434"	"3"	"3"		""	"L11631"	
"442.9187"	"442.91906"	"195"	""		"3.92860683"	"6.72707289"	"2"	"2"		""	"L11631"	
"443.01888"	"443.01887"	"1120"	"2.00e+06"	E	"3.01725044"	"5.81508605"	"2"	"1"		"T5720"	"L11631"	
"443.06137"	"443.06136"	"4170"	"7.45e+06"	B	"2.22271209"	"5.02027939"	"1"	"0"		"T4187"	"L11631"	
"443.25675"	"443.25674"	"810"	"8.4e+05"	D	"3.57321890"	"6.36955305"	"5"	"5"		"T2578n"	"L11631"	
"443.32184"	"443.32183"	"3720"	"2.1e+07"	D	"3.65369332"	"6.44961696"	"2"	"1"		"T2578n"	"L11631"	
"443.37821"	"443.37818"	"1230"	"2.62e+06"	B	"3.60252504"	"6.39809335"	"3"	"3"		"T5720"	"L11631"	
"443.51486"	"443.51485"	"4900"	"4.72e+03"	A	"0.08728574"	"2.88199261"	"2"	"1"		"T3547"	"L11631"	
"443.69203"	"443.69204"	"1100"	"2.82e+05"	C	"3.04686890"	"5.84045966"	"4"	"4"		"T5720"	"L11631"	
"443.83430"	"443.83425"	"417"	"8.5e+06"	D	"3.68638944"	"6.47908516"	"1"	"0"		"T2578n"	"L11631"	
"443.9634"	"443.9634"	"219bl*"	""		"4.54850612"	"7.340389"	"4"	"4"		""	"L11631"	
"443.9634"	"443.96341"	"219bl*"	"7.9e+04"	E	"3.04686890"	"5.83875215"	"4"	"3"		"T2578n"	"L11631"	
"443.98805"	"443.98812"	"680"	"6.73e+04"	B	"2.27860466"	"5.07033256"	"2"	"2"		"T4187"	"L11631"	
"444.0479"	"444.04789"	"145"	"4.5e+05"	E	"3.60252504"	"6.39387714"	"3"	"3"		"T2578n"	"L11631"	
"444.08236"	"444.08243"	"102"	"3.0e+06"	E	"3.95972364"	"6.75085864"	"1"	"1"		"T2578n"	"L11631"	
"444.0969"	"444.09691"	"40"	""		"3.30092244"	"6.09196644"	"2"	"3"		""	"L11631"	
"444.1545"	"444.15464"	"71"	""		"3.88350907"	"6.67419029"	"3"	"3"		""	"L11631"	
"444.23387"	"444.23386"	"13500"	"3.76e+06"	B	"2.19786640"	"4.98804995"	"2"	"2"		"T4187"	"L11631"	
"444.28313"	"444.28310"	"1910"	"1.09e+05"	B	"2.17594512"	"4.96581946"	"3"	"2"		"T4187"	"L11631"	
"444.3194"	"444.31938"	"14100bl*"	"1.02e+07"	B+	"2.85805275"	"5.64769932"	"0"	"1"		"T5720"	"L11631"	
"444.3194"	"444.31953"	"14100bl*"	""		"3.07133880"	"5.86098438"	"1"	"1"		""	"L11631"	
"444.54712"	"444.54707"	"427"	"2.44e+02"	A	"0.08728574"	"2.87550352"	"2"	"2"		"T3547"	"L11631"	
"444.68318"	"444.68319"	"760"	"5.38e+06"	B	"3.68638944"	"6.47375371"	"1"	"1"		"T6110"	"L11631"	
"444.6896"	"444.68956"	"105"	""		"3.30140276"	"6.08872711"	"4"	"4"		""	"L11631"	
"444.71301"	"444.71298"	"1780"	"8.91e+04"	C+	"2.19786640"	"4.98504395"	"2"	"3"		"T5720"	"L11631"	
"444.77170"	"444.77169"	"9500"	"5.11e+06"	B	"2.22271209"	"5.00952178"	"1"	"1"		"T4187"	"L11631"	
"444.7805"	"444.78027"	"162"	""		"4.22036211"	"7.00711799"	"4"	"4"		""	"L11631"	
"445.03153"	"445.03156"	"760"	"1.15e+06"	C+	"3.11096179"	"5.89614419"	"0"	"1"		"T5720"	"L11631"	
"445.0767"	"445.07667"	"71"	"2.3e+05"	E	"3.88160368"	"6.66650376"	"4"	"4"		"T2578n"	"L11631"	
"445.2609"	"445.26109"	"219bl"	"8.3e+05"	E	"3.94332623"	"6.72707289"	"3"	"2"		"T2578n"	"L11631"	
"445.2799"	"445.27991"	"214"	""		"2.58810592"	"5.37173492"	"3"	"3"		""	"L11631"	
"445.43807"	"445.43808"	"8300"	"3.38e+06"	B+	"2.83159117"	"5.61423177"	"2"	"2"		"T5720"	"L11631"	
"445.46709"	"445.46706"	"209"	""		"3.63521992"	"6.41767950"	"1"	"2"		""	"L11631"	
"445.50270"	"445.50269"	"740"	"4.1e+06"	E	"3.88160368"	"6.66384071"	"4"	"3"		"T2578n"	"L11631"	
"445.63254"	"445.63255"	"1150"	"2.06e+05"	B	"3.04686890"	"5.82829520"	"4"	"5"		"T5720"	"L11631"	
"445.66299"	"445.66280"	"219"	"6.8e+05"	E	"3.88160368"	"6.66284114"	"4"	"5"		"T2578n"	"L11631"	
"445.80799"	"445.80800"	"830"	""		"3.88350907"	"6.66384071"	"3"	"3"		""	"L11631"	
"445.91173"	"445.91170"	"9500"	"2.52e+06"	B	"2.17594512"	"4.95563019"	"3"	"3"		"T4187"	"L11631"	
"445.93524"	"445.93521"	"550"	""		"4.17769679"	"6.95723530"	"5"	"5"		""	"L11631"	
"446.11964"	"446.11955"	"457"	""		"3.01725044"	"5.79564049"	"2"	"3"		""	"L11631"	
"446.13726"	"446.13719"	"269"	""		"3.41489715"	"6.19317735"	"1"	"0"		""	"L11631"	
"446.16525"	"446.16524"	"74000"	"2.95e+04"	A	"0.08728574"	"2.86539125"	"2"	"3"		"T3547"	"L11631"	
"446.1970"	"446.19682"	"1450bl*"	"2.31e+06"	B	"3.60252504"	"6.38043390"	"3"	"4"		"T5720"	"L11631"	
"446.1970"	"446.19710"	"1450bl*"	""		"3.63977237"	"6.41767950"	"2"	"2"		""	"L11631"	
"446.2195"	"446.21977"	"200"	""		"3.60252504"	"6.38029108"	"3"	"3"		""	"L11631"	
"446.3132"	"446.31302"	"25"	""		"3.07133880"	"5.84852446"	"1"	"0"		""	"L11631"	
"446.3407"	"446.34038"	"170"	""		"4.25622280"	"7.03323823"	"3"	"3"		""	"L11631"	
"446.46872"	"446.46903"	"234"	""		"3.24096914"	"6.01718438"	"3"	"3"		""	"L11631"	
"446.47662"	"446.47657"	"890"	"6.66e+05"	C+	"3.01725044"	"5.79341882"	"2"	"2"		"T5720"	"L11631"	
"446.65515"	"446.65510"	"45700"	"1.20e+07"	B+	"2.83159117"	"5.60664989"	"2"	"3"		"T5720"	"L11631"	
"446.69383"	"446.69374"	"510"	"3.2e+06"	E	"3.92860683"	"6.70342551"	"2"	"2"		"T2578n"	"L11631"	
"446.93753"	"446.93754"	"8300"	"1.59e+07"	C+	"3.65369332"	"6.42699840"	"2"	"3"		"T5720"	"L11631"	
"447.1677"	"447.16760"	"132"	"1.12e+02"	A	"0.11011433"	"2.88199261"	"1"	"1"		"T3547"	"L11631"	
"447.27110"	"447.27049"	"780"	""		"3.63977237"	"6.41101300"	"2"	"2"		""	"L11631"	
"447.60183"	"447.60184"	"25100"	"1.01e+07"	B+	"2.84504259"	"5.61423177"	"1"	"2"		"T5720"	"L11631"	
"447.60752"	"447.60753"	"8100"	""		"3.68638944"	"6.45554341"	"1"	"2"		""	"L11631"	
"447.80179"	"447.80174"	"151"	"1.6e+04"	E	"2.19786640"	"4.96581946"	"2"	"2"		"T2578n"	"L11631"	
"447.96025"	"447.95979"	"1230"	""		"3.63434980"	"6.40132623"	"6"	"5"		""	"L11631"	
"447.99626"	"447.99621"	"447"	""		"3.98410712"	"6.75085864"	"2"	"1"		""	"L11631"	
"448.01363"	"448.01366"	"1150"	"4.31e+05"	C	"3.04686890"	"5.81351269"	"4"	"4"		"T5720"	"L11631"	
"448.0271"	"448.02703"	"158"	""		"3.60252504"	"6.36908625"	"3"	"2"		""	"L11631"	
"448.16090"	"448.16089"	"540"	"4.5e+06"	D	"3.68638944"	"6.45212430"	"1"	"1"		"T2578n"	"L11631"	
"448.21696"	"448.21691"	"37200"	"2.09e+04"	A	"0.11011433"	"2.87550352"	"1"	"2"		"T3547"	"L11631"	
"448.22524"	"448.22523"	"7800"	"2.19e+06"	C	"2.22271209"	"4.98804995"	"1"	"2"		"T5720"	"L11631"	
"448.27390"	"448.27389"	"850"	"2.3e+06"	E	"3.65369332"	"6.41873101"	"2"	"3"		"T2578n"	"L11631"	
"448.3777"	"448.37762"	"110"	"1.4e+05"	E	"3.64164057"	"6.40603863"	"3"	"4"		"T2578n"	"L11631"	
"448.42195"	"448.42198"	"4570"	"5.04e+06"	B	"3.60252504"	"6.36664959"	"3"	"4"		"T5720"	"L11631"	
"448.56753"	"448.56756"	"1700"	"1.1e+07"	D	"3.68638944"	"6.44961696"	"1"	"1"		"T2578n"	"L11631"	
"448.5972"	"448.59695"	"151"	"5.3e+05"	E	"3.65369332"	"6.41673983"	"2"	"1"		"T2578n"	"L11631"	
"448.7736"	"448.77372"	"110"	"5.8e+04"	E	"3.23672008"	"5.99867825"	"6"	"5"		"T2578n"	"L11631"	
"448.81328"	"448.81335"	"389"	"1.4e+06"	D	"3.60252504"	"6.36423934"	"3"	"2"		"T2578n"	"L11631"	
"448.89066"	"448.89057"	"457"	"9.76e+05"	C	"3.65369332"	"6.41493251"	"2"	"2"		"T5720"	"L11631"	
"448.97388"	"448.97387"	"12900"	"1.19e+04"	A	"0.12126572"	"2.88199261"	"0"	"1"		"T3547"	"L11631"	
"449.00837"	"449.00840"	"2240"	"3.3e+06"	D	"3.01725044"	"5.77776507"	"2"	"1"		"T2578n"	"L11631"	
"449.07597"	"449.07596"	"790"	""		"3.94332623"	"6.70342551"	"3"	"2"		""	"L11631"	
"449.08104"	"449.08111"	"166"	""		"3.94332623"	"6.70339390"	"3"	"4"		""	"L11631"	
"449.26780"	"449.26783"	"107"	"2.6e+06"	D	"3.98410712"	"6.74302768"	"2"	"1"		"T2578n"	"L11631"	
"449.3370"	"449.33711"	"129"	""		"3.57321890"	"6.33171407"	"5"	"5"		""	"L11631"	
"449.40552"	"449.40521"	"191"	""		"3.98410712"	"6.74218434"	"2"	"3"		""	"L11631"	
"449.44645"	"449.44644"	"240"	""		"2.94879294"	"5.70661711"	"5"	"6"		""	"L11631"	
"449.45629"	"449.45628"	"12600"	"3.45e+06"	B	"2.19786640"	"4.95563019"	"2"	"3"		"T4187"	"L11631"	
"449.55677"	"449.55672"	"170"	""		"3.60252504"	"6.35967275"	"3"	"3"		""	"L11631"	
"449.59528"	"449.59525"	"437"	"1.4e+06"	D	"3.65369332"	"6.41060472"	"2"	"2"		"T2578n"	"L11631"	
"449.8533"	"449.85360"	"62"	""		"3.88350907"	"6.63883718"	"3"	"3"		""	"L11631"	
"449.9136"	"449.91353"	"110"	""		"4.54850612"	"7.30346725"	"4"	"4"		""	"L11631"	
"450.0630"	"450.06348"	"141"	""		"4.55852281"	"7.31256608"	"3"	"2"		""	"L11631"	
"450.25906"	"450.25907"	"620"	"1.2e+05"	E	"3.57321890"	"6.32606584"	"5"	"6"		"T2578n"	"L11631"	
"450.48303"	"450.48304"	"427"	"2.8e+05"	D	"3.26570610"	"6.01718438"	"2"	"3"		"T2578n"	"L11631"	
"450.7213"	"450.72151"	"79"	""		"3.11096179"	"5.86098438"	"0"	"1"		""	"L11631"	
"450.97339"	"450.97346"	"162"	""		"4.22036211"	"6.96884828"	"4"	"4"		""	"L11631"	
"451.0820"	"451.08223"	"71"	""		"3.60252504"	"6.35034852"	"3"	"3"		""	"L11631"	
"451.41836"	"451.41839"	"830"	"4.4e+05"	D+	"3.04686890"	"5.79264615"	"4"	"4"		"T2491n"	"L11631"	
"451.4416"	"451.44149"	"129"	""		"4.54850612"	"7.2941429"	"4"	"3"		""	"L11631"	
"451.4500"	"451.45026"	"257"	""		"3.92860683"	"6.67419029"	"2"	"3"		""	"L11631"	
"451.5166"	"451.51650"	"89"	"4.4e+04"	E	"2.87550352"	"5.62068415"	"2"	"2"		"T2578n"	"L11631"	
"451.75242"	"451.75239"	"1120"	"1.51e+06"	C+	"3.07133880"	"5.81508605"	"1"	"1"		"T5720"	"L11631"	
"451.84318"	"451.84308"	"170"	"2.1e+04"	E	"3.23672008"	"5.97991659"	"6"	"5"		"T2578n"	"L11631"	
"451.85768"	"451.85777"	"195"	"9.1e+03"	E	"2.22271209"	"4.96581946"	"1"	"2"		"T2578n"	"L11631"	
"452.33984"	"452.33987"	"245"	"5.2e+05"	D	"3.65369332"	"6.39387714"	"2"	"3"		"T2578n"	"L11631"	
"452.51365"	"452.51364"	"6000"	""		"3.60252504"	"6.34165661"	"3"	"2"		""	"L11631"	
"452.5863"	"452.58635"	"60"	"4.7e+04"	E	"2.88199261"	"5.62068415"	"1"	"2"		"T2578n"	"L11631"	
"452.63986"	"452.63981"	"650"	""		"3.88160368"	"6.61997175"	"4"	"4"		""	"L11631"	
"452.65605"	"452.65606"	"468"	""		"3.11096179"	"5.84923154"	"0"	"1"		""	"L11631"	
"452.77824"	"452.77827"	"209"	"1.3e+05"	E	"3.25148176"	"5.98901244"	"3"	"2"		"T2578n"	"L11631"	
"452.8479"	"452.84788"	"135"	""		"4.54850612"	"7.28561601"	"4"	"3"		""	"L11631"	
"452.86139"	"452.86136"	"65000"	"5.44e+06"	B	"2.17594512"	"4.91297355"	"3"	"4"		"u25"	"L11631"	
"452.87567"	"452.87566"	"710"	"3.69e+05"	C	"3.30140276"	"6.03834476"	"4"	"4"		"T5720"	"L11631"	
"452.88207"	"452.88204"	"200"	""		"3.01725044"	"5.75415389"	"2"	"1"		""	"L11631"	
"452.95508"	"452.95499"	"680"	""		"3.88350907"	"6.61997175"	"3"	"4"		""	"L11631"	
"452.96758"	""	"1620"	""		""	""	""	""		""	"L11631"	
"453.11478"	"453.11477"	"13800"	"2.52e+05"	A	"1.48486439"	"4.22036211"	"4"	"4"		"T3831"	"L11631"	
"453.1630"	"453.16255"	"760bl*"	""		"3.21118938"	"5.94639870"	"4"	"4"		""	"L11631"	
"453.1630"	"453.16356"	"760bl*"	""		"3.63434980"	"6.36955305"	"6"	"5"		""	"L11631"	
"453.3956"	"453.39576"	"63"	""		"2.94879294"	"5.68259542"	"5"	"4"		""	"L11631"	
"453.6486"	"453.64866"	"71"	""		"3.64164057"	"6.37391903"	"3"	"4"		""	"L11631"	
"453.7673"	"453.76703"	"251bl"	"3.1e+04"	E	"3.26711257"	"5.99867825"	"5"	"5"		"T2578n"	"L11631"	
"453.88363"	"453.88362"	"178"	""		"3.94332623"	"6.67419029"	"3"	"3"		""	"L11631"	
"454.06719"	"454.06716"	"145"	""		"2.99035244"	"5.72011266"	"4"	"5"		""	"L11631"	
"454.13138"	"454.13158"	"98"	""		"3.25148176"	"5.98085478"	"3"	"2"		""	"L11631"	
"454.19413"	"454.19422"	"120"	"3.0e+04"	E	"3.26711257"	"5.99610917"	"5"	"4"		"T2578n"	"L11631"	
"454.24118"	"454.24117"	"295"	"4.5e+05"	D	"3.63977237"	"6.36848691"	"2"	"3"		"T2578n"	"L11631"	
"454.26983"	"454.26971"	"162"	""		"3.68638944"	"6.41493251"	"1"	"2"		""	"L11631"	
"454.70166"	"454.70169"	"148"	"1.5e+04"	E	"1.55735733"	"4.28330826"	"3"	"2"		"T2578n"	"L11631"	
"454.78471"	"454.78468"	"7800"	"4.48e+06"	D+	"3.54652001"	"6.27197352"	"2"	"3"		"T5720"	"L11631"	
"454.94666"	"454.94655"	"830"	""		"3.88160368"	"6.60608750"	"4"	"5"		""	"L11631"	
"455.16467"	"455.16479"	"204"	"3.3e+05"	E	"3.94332623"	"6.66650376"	"3"	"4"		"T2578n"	"L11631"	
"455.25413"	""	"1740"	""		""	""	""	""		""	"L11631"	
"455.44509"	"455.44510"	"186"	"4.7e+04"	D	"2.86539125"	"5.58689276"	"3"	"3"		"T2578n"	"L11631"	
"455.61256"	"455.61259"	"4070"	"1.05e+07"	B	"3.60252504"	"6.32302612"	"3"	"2"		"T5720"	"L11631"	
"455.69247"	"455.69242"	"71"	"1.4e+05"	D	"3.25148176"	"5.97150625"	"3"	"2"		"T2578n"	"L11631"	
"455.81051"	"455.81054"	"209"	""		"3.64164057"	"6.36096020"	"3"	"4"		""	"L11631"	
"456.00878"	"456.00883"	"380"	"4.7e+05"	D	"3.60252504"	"6.32066224"	"3"	"4"		"T2578n"	"L11631"	
"456.14140"	"456.14132"	"120"	""		"4.41527878"	"7.13262645"	"3"	"2"		""	"L11631"	
"456.46983"	"456.46969"	"209"	""		"3.65369332"	"6.36908625"	"2"	"2"		""	"L11631"	
"456.48211"	"456.48218"	"269"	""		"3.07133880"	"5.7866575"	"1"	"0"		""	"L11631"	
"456.53099"	"456.53104"	"178"	"2.2e+05"	E	"3.27398440"	"5.98901244"	"1"	"2"		"T2578n"	"L11631"	
"456.54112"	"456.54107"	"100"	""		"4.44562726"	"7.1605957"	"2"	"1"		""	"L11631"	
"456.56616"	"456.56615"	"427"	"4.0e+05"	E	"3.24096914"	"5.95578840"	"3"	"2"		"T2578n"	"L11631"	
"456.65142"	"456.65147"	"398"	"4.48e+05"	D+	"3.30092244"	"6.01523448"	"2"	"1"		"T5720"	"L11631"	
"456.68665"	"456.68650"	"129"	""		"4.31247059"	"7.02657446"	"5"	"4"		""	"L11631"	
"456.69882"	"456.69893"	"71"	"5.9e+05"	D	"3.41489715"	"6.12892712"	"1"	"2"		"T2578n"	"L11631"	
"456.8602"	"456.86022"	"40"	""		"3.92860683"	"6.64167865"	"2"	"2"		""	"L11631"	
"456.87629"	"456.87634"	"347"	""		"3.26570610"	"5.97868220"	"2"	"1"		""	"L11631"	
"456.88389"	"456.88396"	"275"	""		"3.63521992"	"6.34815078"	"1"	"2"		""	"L11631"	
"456.9055"	"456.90532"	"1020bl"	""		"3.26711257"	"5.97991659"	"5"	"5"		""	"L11631"	
"457.14375"	"457.14374"	"76"	"2.8e+04"	E	"2.87550352"	"5.58689276"	"2"	"3"		"T2578n"	"L11631"	
"457.42159"	"457.42153"	"309"	"1.6e+05"	E	"3.21118938"	"5.92093198"	"4"	"3"		"T2578n"	"L11631"	
"457.47176"	"457.47173"	"295"	"8.2e+04"	D	"2.27860466"	"4.98804995"	"2"	"2"		"T2578n"	"L11631"	
"457.57799"	"457.57795"	"269"	""		"3.30140276"	"6.01021907"	"4"	"3"		""	"L11631"	
"457.6517"	"457.65194"	"79"	""		"3.63977237"	"6.34815078"	"2"	"2"		""	"L11631"	
"457.9066"	"457.90690"	"20"	""		"3.27398440"	"5.98085478"	"1"	"2"		""	"L11631"	
"457.9326"	"457.93302"	"209bl"	""		"2.83252676"	"5.53924278"	"5"	"4"		""	"L11631"	
"458.0459"	"458.04601"	"30"	""		"2.83159117"	"5.53763954"	"2"	"2"		""	"L11631"	
"458.05771"	"458.05767"	"245"	"4.0e+05"	D	"3.65369332"	"6.35967275"	"2"	"3"		"T2578n"	"L11631"	
"458.1191"	"458.11937"	"60"	""		"4.60695104"	"7.31256608"	"2"	"2"		""	"L11631"	
"458.1508"	"458.15077"	"1550bl"	"5.9e+05"	D	"3.24096914"	"5.94639870"	"3"	"4"		"T2578n"	"L11631"	
"458.2939"	"458.29425"	"60"	""		"2.84504259"	"5.54962521"	"1"	"1"		""	"L11631"	
"458.37205"	"458.37193"	"112"	""		"3.11096179"	"5.81508605"	"0"	"1"		""	"L11631"	
"458.47160"	"458.47159"	"282"	""		"3.60252504"	"6.30606149"	"3"	"3"		""	"L11631"	
"458.48189"	"458.48188"	"407"	""		"3.60252504"	"6.30600086"	"3"	"2"		""	"L11631"	
"458.5340"	"458.53390"	"30"	""		"4.60759327"	"7.3107624"	"3"	"4"		""	"L11631"	
"458.62310"	"458.62303"	"182"	""		"4.37135106"	"7.07399482"	"4"	"3"		""	"L11631"	
"458.6992"	"458.69908"	"71"	""		"2.99035244"	"5.6925481"	"4"	"3"		""	"L11631"	
"458.71273"	"458.71274"	"1510"	"6.45e+05"	C	"3.57321890"	"6.27533411"	"5"	"4"		"T5720"	"L11631"	
"458.7720"	"458.77210"	"89"	"7.9e+05"	E	"3.98410712"	"6.68587270"	"2"	"1"		"T2578n"	"L11631"	
"459.0789"	"459.07885"	"155"	""		"4.38646275"	"7.08642312"	"5"	"4"		""	"L11631"	
"459.26508"	"459.26509"	"4570"	"1.61e+05"	A	"1.55735733"	"4.25622280"	"3"	"3"		"T3831"	"L11631"	
"459.3525"	"459.35242"	"120bl"	"5.8e+05"	E	"3.94332623"	"6.64167865"	"3"	"2"		"T2578n"	"L11631"	
"459.52077"	"459.52070"	"204"	""		"3.63434980"	"6.33171407"	"6"	"5"		""	"L11631"	
"459.5358"	"459.53582"	"1860bl"	"5.01e+05"	B	"3.30140276"	"5.99867825"	"4"	"5"		"T5720"	"L11631"	
"459.60602"	"459.60598"	"680"	"1.50e+06"	C+	"3.60252504"	"6.29938878"	"3"	"4"		"T5720"	"L11631"	
"459.64152"	"459.64153"	"117"	"2.3e+05"	E	"3.65369332"	"6.35034852"	"2"	"3"		"T2578n"	"L11631"	
"459.65745"	"459.65750"	"166"	""		"3.23672008"	"5.93328155"	"6"	"6"		""	"L11631"	
"459.7251"	"459.72500"	"50"	""		"4.38646275"	"7.08262833"	"5"	"4"		""	"L11631"	
"459.73799"	"459.73813"	"129"	""		"4.55852281"	"7.2546114"	"3"	"2"		""	"L11631"	
"459.77451"	"459.77473"	"110"	""		"4.60759327"	"7.30346725"	"3"	"4"		""	"L11631"	
"459.78711"	"459.78716"	"191"	""		"4.43461275"	"7.1304138"	"4"	"3"		""	"L11631"	
"459.81168"	"459.81167"	"1620"	""		"3.28302483"	"5.97868220"	"1"	"1"		""	"L11631"	
"459.8367"	"459.83665"	"50"	""		"3.94332623"	"6.63883718"	"3"	"3"		""	"L11631"	
"459.8740"	"459.87447"	"71"	""		"3.65369332"	"6.34898259"	"2"	"1"		""	"L11631"	
"459.9741"	"459.97394"	"71"	""		"3.30140276"	"5.99610917"	"4"	"4"		""	"L11631"	
"459.98422"	"459.98401"	"437"	""		"4.31247059"	"7.00711799"	"5"	"4"		""	"L11631"	
"460.09337"	"460.09314"	"372"	"7.79e+04"	C	"3.23672008"	"5.93072834"	"6"	"5"		"T5720"	"L11631"	
"460.20007"	"460.20006"	"760"	"7.36e+04"	A	"1.60789577"	"4.30127816"	"2"	"1"		"T3831"	"L11631"	
"460.29407"	"460.29405"	"12900"	"1.72e+05"	A	"1.48486439"	"4.17769679"	"4"	"5"		"T3831"	"L11631"	
"460.33421"	"460.33430"	"95"	"5.3e+04"	E	"2.84504259"	"5.53763954"	"1"	"2"		"T2578n"	"L11631"	
"460.39486"	"460.39483"	"100"	"5.8e+04"	E	"2.99035244"	"5.68259542"	"4"	"4"		"T2578n"	"L11631"	
"460.45572"	"460.45563"	"275"	""		"4.47327202"	"7.16515953"	"3"	"2"		""	"L11631"	
"460.48512"	"460.48496"	"117"	""		"3.63434980"	"6.32606584"	"6"	"6"		""	"L11631"	
"460.55875"	"460.55872"	"204"	""		"4.32010008"	"7.01138503"	"6"	"5"		""	"L11631"	
"460.7647"	"460.76448"	"2690bl*"	""		"3.98410712"	"6.67419029"	"2"	"3"		""	"L11631"	
"460.7647"	"460.76462"	"2690bl*"	""		"3.26570610"	"5.95578840"	"2"	"2"		""	"L11631"	
"461.1064"	"461.10613"	"89"	""		"3.30092244"	"5.98901244"	"2"	"2"		""	"L11631"	
"461.11846"	"461.11838"	"145"	"6.64e+04"	D+	"2.85122419"	"5.53924278"	"4"	"4"		"T5783"	"L11631"	
"461.12786"	"461.12787"	"4170"	""		"3.65369332"	"6.34165661"	"2"	"2"		""	"L11631"	
"461.32024"	"461.32025"	"1450"	"2.5e+06"	D	"3.29183986"	"5.97868220"	"0"	"1"		"T2578n"	"L11631"	
"461.3903"	"461.39085"	"79"	""		"4.63819369"	"7.3246249"	"1"	"1"		""	"L11631"	
"461.42051"	"461.42052"	"145"	"2.8e+05"	E	"3.30092244"	"5.98718095"	"2"	"1"		"T2578n"	"L11631"	
"461.55623"	"461.55648"	"138"	""		"4.58004944"	"7.2655167"	"2"	"3"		""	"L11631"	
"461.87574"	"461.87572"	"1660"	"1.36e+05"	B	"2.94879294"	"5.63240401"	"5"	"4"		"T5720"	"L11631"	
"461.92877"	"461.92880"	"2450"	"5.2e+06"	D	"3.60252504"	"6.28582776"	"3"	"2"		"T2578n"	"L11631"	
"462.50450"	"462.50449"	"3470"	""		"3.24096914"	"5.92093198"	"3"	"3"		""	"L11631"	
"462.75464"	"462.75469"	"234"	""		"3.30140276"	"5.97991659"	"4"	"5"		""	"L11631"	
"463.01200"	"463.01197"	"830"	"1.15e+05"	D+	"2.27860466"	"4.95563019"	"2"	"3"		"T5720"	"L11631"	
"463.28201"	"463.28198"	"324"	""		"3.65369332"	"6.32915863"	"2"	"1"		""	"L11631"	
"463.29114"	"463.29113"	"1510"	"7.59e+04"	A	"1.60789577"	"4.28330826"	"2"	"2"		"T3831"	"L11631"	
"463.3756"	"463.37546"	"89bl"	"4.7e+04"	E	"3.01762252"	"5.6925481"	"3"	"3"		"T2578n"	"L11631"	
"463.47121"	"463.47131"	"129"	""		"4.63819369"	"7.31256608"	"1"	"2"		""	"L11631"	
"463.5617"	"463.56159"	"89"	"1.0e+04"	E	"2.86539125"	"5.53924278"	"3"	"4"		"T2578n"	"L11631"	
"463.58459"	"463.58462"	"870"	"2.72e+05"	C+	"2.84504259"	"5.51876133"	"1"	"2"		"T5720"	"L11631"	
"463.6670"	"463.66699"	"110"	""		"3.04686890"	"5.72011266"	"4"	"5"		""	"L11631"	
"463.75030"	"463.75029"	"2950"	"2.8e+06"	D	"3.28302483"	"5.95578840"	"1"	"2"		"T2578n"	"L11631"	
"463.8010"	"463.80096"	"2450bl"	"3.37e+06"	C+	"3.60252504"	"6.27499663"	"3"	"3"		"T5720"	"L11631"	
"463.96598"	"463.96533"	"219"	""		"4.60759327"	"7.2791181"	"3"	"3"		""	"L11631"	
"464.34631"	"464.34634"	"1410"	"4.41e+06"	B	"3.65369332"	"6.32302612"	"2"	"2"		"T5720"	"L11631"	
"464.71788"	"464.71789"	"174"	""		"4.63819369"	"7.3053924"	"1"	"2"		""	"L11631"	
"464.74339"	"464.74340"	"16200"	"1.25e+06"	B	"2.94879294"	"5.61584517"	"5"	"5"		"T5720"	"L11631"	
"464.8977"	"464.89737"	"132"	""		"3.26711257"	"5.93328155"	"5"	"6"		""	"L11631"	
"464.98162"	"464.98163"	"219"	"6.4e+04"	E	"3.23672008"	"5.90240588"	"6"	"5"		"T2578n"	"L11631"	
"465.3490"	"465.34887"	"79"	""		"0.99011115"	"3.65369332"	"2"	"2"		""	"L11631"	
"465.44980"	"465.44977"	"3020"	"5.64e+04"	A	"1.55735733"	"4.22036211"	"3"	"4"		"T3831"	"L11631"	
"465.4605"	"465.46080"	"1740bl"	"3.68e+06"	B	"3.60252504"	"6.26546671"	"3"	"3"		"T5720"	"L11631"	
"465.46283"	"465.46312"	"3630"	""		"3.21118938"	"5.87411777"	"4"	"4"		""	"L11631"	
"465.64570"	"465.64519"	"170"	""		"4.37135106"	"7.03323823"	"4"	"3"		""	"L11631"	
"465.75845"	"465.75852"	"170"	"1.5e+05"	D	"2.84504259"	"5.50628207"	"1"	"1"		"T2578n"	"L11631"	
"465.82944"	"465.82940"	"123"	"3.5e+04"	E	"3.26711257"	"5.92794713"	"5"	"4"		"T2578n"	"L11631"	
"466.0431"	"466.04255"	"110"	""		"4.43461275"	"7.09423040"	"4"	"3"		""	"L11631"	
"466.1319"	"466.13233"	"30"	""		"2.83159117"	"5.49069652"	"2"	"2"		""	"L11631"	
"466.15341"	"466.15348"	"158"	"3.3e+06"	E	"4.55852281"	"7.21750752"	"3"	"2"		"T2578n"	"L11631"	
"466.1876"	"466.18755"	"151"	""		"4.65203107"	"7.3108215"	"2"	"1"		""	"L11631"	
"466.19699"	"466.19703"	"1100"	"1.38e+05"	B	"2.99035244"	"5.64908881"	"4"	"3"		"T5720"	"L11631"	
"466.31779"	"466.31782"	"195"	"4.3e+05"	E	"3.54652001"	"6.20456765"	"2"	"1"		"T2578n"	"L11631"	
"466.4718"	"466.47175"	"110"	""		"2.84504259"	"5.50221316"	"1"	"1"		""	"L11631"	
"466.6111"	"466.61098"	"100"	""		"4.31247059"	"6.96884828"	"5"	"4"		""	"L11631"	
"466.74528"	"466.74533"	"5400"	"6.03e+06"	B	"3.60252504"	"6.25813812"	"3"	"4"		"T5720"	"L11631"	
"466.80613"	"466.80614"	"380"	""		"3.68638944"	"6.34165661"	"1"	"2"		""	"L11631"	
"466.81341"	"466.81340"	"5500"	""		"3.26570610"	"5.92093198"	"2"	"3"		""	"L11631"	
"466.91708"	"466.91724"	"1230"	"6.27e+06"	C+	"3.65369332"	"6.30832866"	"2"	"1"		"T5720"	"L11631"	
"467.1414"	"467.14145"	"60"	""		"4.65203107"	"7.3053924"	"2"	"2"		""	"L11631"	
"467.2830"	"467.28300"	"110"	""		"1.60789577"	"4.26045326"	"2"	"1"		""	"L11631"	
"467.31633"	"467.31636"	"1380"	"3.81e+06"	D+	"3.65369332"	"6.30606149"	"2"	"3"		"T5720"	"L11631"	
"467.32697"	"467.32704"	"229"	""		"3.65369332"	"6.30600086"	"2"	"2"		""	"L11631"	
"467.46474"	"467.46480"	"120"	"1.2e+03"	E	"1.55735733"	"4.20888328"	"3"	"2"		"T2578n"	"L11631"	
"467.5096"	"467.50935"	"145"	""		"4.10337372"	"6.75464698"	"4"	"4"		""	"L11631"	
"467.7589"	"467.75874"	"79"	""		"4.15435379"	"6.80421351"	"3"	"2"		""	"L11631"	
"467.88455"	"467.88456"	"6200"	"4.97e+06"	B	"3.60252504"	"6.25167222"	"3"	"4"		"T5720"	"L11631"	
"467.9224"	"467.92174"	"302bl*"	""		"4.55852281"	"7.2074595"	"3"	"3"		""	"L11631"	
"467.9224"	"467.92253"	"302bl*"	"1.29e+05"	C+	"3.25148176"	"5.90041395"	"3"	"4"		"T6110"	"L11631"	
"468.02945"	"468.02946"	"269"	"7.32e+03"	A	"1.60789577"	"4.25622280"	"2"	"3"		"T3831"	"L11631"	
"468.04669"	"468.04672"	"170"	"1.90e+05"	D	"2.85805275"	"5.50628207"	"0"	"1"		"T5720"	"L11631"	
"468.0550"	"468.05516"	"126"	""		"4.58438864"	"7.2325702"	"3"	"4"		""	"L11631"	
"468.21108"	"468.21115"	"234"	""		"4.55852281"	"7.2058221"	"3"	"4"		""	"L11631"	
"468.25601"	"468.25580"	"129"	"3.7e+04"	E	"2.93984587"	"5.58689276"	"4"	"3"		"T2578n"	"L11631"	
"468.35594"	"468.35601"	"468"	"2.92e+05"	C	"2.83159117"	"5.47807170"	"2"	"2"		"T5720"	"L11631"	
"468.4597"	"468.45954"	"60"	""		"4.41527878"	"7.06117448"	"3"	"2"		""	"L11631"	
"468.50243"	"468.50235"	"155"	"3.2e+04"	E	"2.84504259"	"5.49069652"	"1"	"2"		"T2578n"	"L11631"	
"468.73026"	"468.73023"	"170"	""		"0.95815732"	"3.60252504"	"3"	"3"		""	"L11631"	
"468.73862"	"468.73860"	"560"	"7.50e+04"	C	"2.83159117"	"5.47591165"	"2"	"3"		"T5720"	"L11631"	
"468.7671"	"468.76698"	"60"	""		"2.85805275"	"5.50221316"	"0"	"1"		""	"L11631"	
"468.81757"	"468.81761"	"229"	""		"4.60695104"	"7.2508259"	"2"	"3"		""	"L11631"	
"469.0138"	"469.01375"	"620bl"	"2.29e+06"	C+	"3.68638944"	"6.32915863"	"1"	"1"		"T5720"	"L11631"	
"469.0369"	"469.03688"	"100bl*"	""		"3.23672008"	"5.87935896"	"6"	"5"		""	"L11631"	
"469.0369"	"469.03710"	"100bl*"	""		"1.01105568"	"3.65369332"	"1"	"2"		""	"L11631"	
"469.14114"	"469.14115"	"11200"	"1.01e+06"	B+	"2.99035244"	"5.63240401"	"4"	"4"		"T5720"	"L11631"	
"469.48590"	"469.48586"	"105"	""		"4.38646275"	"7.02657446"	"5"	"4"		""	"L11631"	
"469.4919"	"469.49175"	"100"	""		"4.14264893"	"6.78272754"	"3"	"2"		""	"L11631"	
"470.0158"	"470.01577"	"540bl"	""		"4.32010008"	"6.95723530"	"6"	"5"		""	"L11631"	
"470.1044"	"470.10447"	"407bl*"	"8.40e+05"	D+	"2.46883473"	"5.10547240"	"2"	"1"		"T5720"	"L11631"	
"470.1044"	"470.10464"	"407bl*"	"7.2e+05"	E	"3.68638944"	"6.32302612"	"1"	"2"		"T2578n"	"L11631"	
"470.2601"	"470.25977"	"30"	""		"4.37135106"	"7.00711799"	"4"	"4"		""	"L11631"	
"470.2912"	"470.29132"	"79"	""		"3.23672008"	"5.87231021"	"6"	"6"		""	"L11631"	
"470.49478"	"470.49477"	"950"	"8.8e+06"	D	"3.68638944"	"6.32083991"	"1"	"0"		"T2578n"	"L11631"	
"470.54567"	"470.54568"	"295"	"2.3e+05"	E	"3.54652001"	"6.18068544"	"2"	"3"		"T2578n"	"L11631"	
"470.62989"	"470.62999"	"65"	""		"3.64164057"	"6.27533411"	"3"	"4"		""	"L11631"	
"470.72742"	"470.72738"	"9500"	""		"3.24096914"	"5.87411777"	"3"	"4"		""	"L11631"	
"470.74874"	"470.74875"	"780"	"2.92e+05"	C	"2.84504259"	"5.47807170"	"1"	"2"		"T5720"	"L11631"	
"470.89682"	"470.89683"	"780"	"3.98e+05"	C	"3.63977237"	"6.27197352"	"2"	"3"		"T5720"	"L11631"	
"470.90878"	"470.90876"	"1320"	""		"3.65369332"	"6.28582776"	"2"	"2"		""	"L11631"	
"471.02830"	"471.02833"	"8900"	"1.05e+06"	B+	"3.01762252"	"5.64908881"	"3"	"3"		"T5720"	"L11631"	
"471.21053"	"471.21052"	"138"	"8.5e+04"	E	"3.01725044"	"5.64769932"	"2"	"1"		"T2578n"	"L11631"	
"471.2357"	"471.23564"	"120"	""		"2.48211840"	"5.11242705"	"1"	"0"		""	"L11631"	
"471.4070"	"471.40672"	"45"	"1.8e+06"	E	"4.55852281"	"7.1878769"	"3"	"2"		"T2578n"	"L11631"	
"471.4118"	"471.41183"	"20"	"6.5e+04"	E	"3.30140276"	"5.93072834"	"4"	"5"		"T2578n"	"L11631"	
"471.41912"	"471.41915"	"240"	""		"3.30140276"	"5.93068755"	"4"	"3"		""	"L11631"	
"471.4359"	"471.43591"	"129"	""		"4.60695104"	"7.2361423"	"2"	"1"		""	"L11631"	
"471.6839"	"471.68370"	"60*"	""		"3.25148176"	"5.87929188"	"3"	"2"		""	"L11631"	
"471.6839"	"471.68424"	"60*"	""		"4.37135106"	"6.99915820"	"4"	"4"		""	"L11631"	
"472.10003"	"472.10004"	"790"	"4.30e+04"	C+	"2.99035244"	"5.61584517"	"4"	"5"		"T5720"	"L11631"	
"472.5934"	"472.59377"	"50"	""		"4.29441489"	"6.91716472"	"2"	"3"		""	"L11631"	
"472.61367"	"472.61368"	"89"	"3.9e+04"	E	"2.99804479"	"5.62068415"	"3"	"2"		"T2578n"	"L11631"	
"472.7263"	"472.72667"	"20"	""		"4.44562726"	"7.06763976"	"2"	"1"		""	"L11631"	
"472.73943"	"472.73989"	"2090"	"6.85e+06"	C+	"3.68638944"	"6.30832866"	"1"	"1"		"T5720"	"L11631"	
"472.8164"	"472.81628"	"155"	""		"4.07581091"	"6.69732648"	"4"	"4"		""	"L11631"	
"472.85454"	"472.85457"	"2090"	"2.87e+06"	C	"3.65369332"	"6.27499663"	"2"	"3"		"T5720"	"L11631"	
"472.90189"	"472.90192"	"780"	"6.59e+05"	C+	"4.07581091"	"6.69685175"	"4"	"5"		"T5720"	"L11631"	
"472.96763"	"472.96784"	"174"	"1.6e+05"	E	"3.39650880"	"6.01718438"	"3"	"3"		"T2578n"	"L11631"	
"473.1041"	"473.10410"	"129"	""		"4.07581091"	"6.69573167"	"4"	"3"		""	"L11631"	
"473.35913"	"473.35912"	"2690"	"3.41e+04"	A	"1.48486439"	"4.10337372"	"4"	"4"		"T3831"	"L11631"	
"473.40977"	"473.40980"	"302"	"1.6e+06"	E	"4.29441489"	"6.9126439"	"2"	"2"		"T2578n"	"L11631"	
"473.58436"	"473.58428"	"63"	"1.28e+06"	D+	"4.07581091"	"6.6930753"	"4"	"5"		"T5720"	"L11631"	
"473.67731"	"473.67727"	"18200"	"4.78e+06"	B	"3.21118938"	"5.82793998"	"4"	"5"		"T5720"	"L11631"	
"473.7373"	"473.73754"	"20"	""		"4.63819369"	"7.2546114"	"1"	"2"		""	"L11631"	
"473.7594"	"473.75932"	"60bl"	""		"2.99035244"	"5.60664989"	"4"	"3"		""	"L11631"	
"473.76350"	"473.76347"	"510"	"1.87e+05"	C+	"3.26711257"	"5.88338708"	"5"	"4"		"T5720"	"L11631"	
"474.03398"	"474.03399"	"710"	"7.69e+04"	C+	"3.01762252"	"5.63240401"	"3"	"4"		"T5720"	"L11631"	
"474.10693"	"474.10694"	"288"	""		"3.33201954"	"5.94639870"	"5"	"4"		""	"L11631"	
"474.15294"	"474.15292"	"1510"	"7.29e+05"	D+	"2.83159117"	"5.44571679"	"2"	"3"		"T5720"	"L11631"	
"474.2938"	"474.29316"	"50"	""		"4.19086081"	"6.80421351"	"2"	"2"		""	"L11631"	
"474.3197"	"474.32016"	"158"	""		"4.43461275"	"7.04781667"	"4"	"4"		""	"L11631"	
"474.4942"	"474.49403"	"60"	""		"3.26711257"	"5.87935896"	"5"	"5"		""	"L11631"	
"474.5128"	"474.51281"	"40"	"8.2e+03"	E	"2.22271209"	"4.83485507"	"1"	"1"		"T2578n"	"L11631"	
"474.57998"	"474.57996"	"1550"	"2.27e+06"	C+	"3.65369332"	"6.26546671"	"2"	"3"		"T5720"	"L11631"	
"474.99474"	"474.99480"	"166"	"2.0e+06"	E	"4.55852281"	"7.16801526"	"3"	"3"		"T2578n"	"L11631"	
"475.10840"	"475.10839"	"138"	""		"4.18636440"	"6.79523296"	"2"	"1"		""	"L11631"	
"475.4039"	"475.4036"	"240"	""		"4.73314079"	"7.340389"	"3"	"4"		""	"L11631"	
"475.75777"	"475.75780"	"1550"	""		"3.27398440"	"5.87929188"	"1"	"2"		""	"L11631"	
"476.6786"	"476.67870"	"120"	""		"4.59311043"	"7.1933848"	"4"	"5"		""	"L11631"	
"476.68656"	"476.68654"	"158"	"2.3e+05"	E	"3.41695281"	"6.01718438"	"2"	"3"		"T2578n"	"L11631"	
"476.83200"	"476.83201"	"1020"	""		"3.68638944"	"6.28582776"	"1"	"2"		""	"L11631"	
"476.83962"	"476.83961"	"690"	"1.13e+05"	C	"2.93984587"	"5.53924278"	"4"	"4"		"T5783"	"L11631"	
"476.86985"	"476.86988"	"141"	""		"4.07581091"	"6.67504280"	"4"	"3"		""	"L11631"	
"477.16962"	"477.16961"	"229"	"3.42e+04"	D+	"2.19786640"	"4.79546566"	"2"	"2"		"T6110"	"L11631"	
"477.28027"	"477.28037"	"620"	"5.30e+04"	D+	"1.55735733"	"4.15435379"	"3"	"3"		"T5720"	"L11631"	
"477.28300"	"477.28315"	"950"	"3.76e+05"	C+	"3.01725044"	"5.61423177"	"2"	"2"		"T5720"	"L11631"	
"477.3146"	"477.31457"	"85"	""		"4.14264893"	"6.73945929"	"3"	"3"		""	"L11631"	
"477.3972"	"477.39679"	"141"	""		"4.18636440"	"6.78272754"	"2"	"2"		""	"L11631"	
"477.60670"	"477.60675"	"229"	"2.2e+05"	E	"3.30092244"	"5.89614419"	"2"	"1"		"T2578n"	"L11631"	
"477.63769"	"477.63751"	"132"	""		"4.55852281"	"7.15357742"	"3"	"4"		""	"L11631"	
"477.6481"	"477.64813"	"37bl"	""		"4.14264893"	"6.73764589"	"3"	"2"		""	"L11631"	
"477.94391"	"477.94389"	"510"	"2.79e+06"	C	"3.41489715"	"6.00828827"	"1"	"0"		"T5720"	"L11631"	
"478.59562"	"478.59570"	"263"	"4.0e+05"	E	"4.14264893"	"6.73250811"	"3"	"4"		"T2578n"	"L11631"	
"478.68067"	"478.68067"	"4170"	"1.03e+06"	B+	"3.01725044"	"5.60664989"	"2"	"3"		"T5720"	"L11631"	
"478.78266"	"478.78265"	"372"	"1.05e+05"	D+	"2.99804479"	"5.58689276"	"3"	"3"		"T5720"	"L11631"	
"478.87566"	"478.87565"	"3470"	"3.86e+05"	C+	"3.23672008"	"5.82506529"	"6"	"6"		"T5720"	"L11631"	
"478.96505"	"478.96508"	"11500"	"4.57e+06"	B	"3.54652001"	"6.13438193"	"2"	"3"		"T5720"	"L11631"	
"479.0743"	"479.07459"	"79"	"2.7e+04"	E	"3.25148176"	"5.83875215"	"3"	"3"		"T2578n"	"L11631"	
"479.12458"	"479.12466"	"324"	"3.56e+05"	C+	"3.27398440"	"5.86098438"	"1"	"1"		"T6110"	"L11631"	
"479.2532"	"479.25329"	"170"	""		"4.07581091"	"6.66211658"	"4"	"3"		""	"L11631"	
"479.39616"	"479.39612"	"141"	"1.1e+04"	E	"3.04686890"	"5.63240401"	"4"	"4"		"T2578n"	"L11631"	
"479.7038"	"479.70331"	"71"	""		"4.41527878"	"6.99915820"	"3"	"4"		""	"L11631"	
"479.82646"	"479.82647"	"479"	"2.77e+06"	C+	"4.18636440"	"6.76958063"	"2"	"3"		"T5720"	"L11631"	
"479.87310"	"479.87313"	"174"	"4.1e+03"	E	"1.60789577"	"4.19086081"	"2"	"2"		"T2578n"	"L11631"	
"479.94058"	"479.94059"	"380"	"3.7e+05"	E	"3.63977237"	"6.22237439"	"2"	"2"		"T2578n"	"L11631"	
"480.0128"	"480.01276"	"100bl"	"1.2e+05"	E	"3.03847046"	"5.62068415"	"2"	"2"		"T2578n"	"L11631"	
"480.05537"	"480.05540"	"115"	""		"3.30140276"	"5.88338708"	"4"	"4"		""	"L11631"	
"480.06487"	"480.06485"	"980"	"3.01e+06"	B	"4.14264893"	"6.72458242"	"3"	"4"		"T5720"	"L11631"	
"480.28794"	"480.28744"	"1580*"	""		"3.69459719"	"6.27533411"	"4"	"4"		""	"L11631"	
"480.28794"	"480.28802"	"1580*"	"1.77e+06"	C+	"3.64164057"	"6.22237439"	"3"	"2"		"T5720"	"L11631"	
"480.45189"	"480.45172"	"229"	""		"3.57321890"	"6.15307342"	"5"	"4"		""	"L11631"	
"480.77084"	"480.77081"	"720"	"2.3e+05"	D	"3.36825640"	"5.94639870"	"4"	"4"		"T2578n"	"L11631"	
"480.8058"	"480.80551"	"60"	""		"3.30140276"	"5.87935896"	"4"	"5"		""	"L11631"	
"480.81480"	"480.81476"	"229"	"7.6e+04"	D	"3.25148176"	"5.82938837"	"3"	"3"		"T2578n"	"L11631"	
"480.86797"	"480.86793"	"174"	""		"4.73314079"	"7.3107624"	"3"	"4"		""	"L11631"	
"480.91377"	"480.91369"	"129"	""		"3.69459719"	"6.27197352"	"4"	"3"		""	"L11631"	
"480.99381"	"480.99396"	"148"	"5.5e+04"	E	"3.57321890"	"6.15016512"	"5"	"5"		"T2578n"	"L11631"	
"481.1028"	"481.10331"	"60"	""		"3.07133880"	"5.64769932"	"1"	"1"		""	"L11631"	
"481.31125"	"481.31131"	"129"	"1.4e+05"	E	"3.27398440"	"5.84923154"	"1"	"1"		"T2578n"	"L11631"	
"481.4371"	"481.43698"	"71"	""		"4.18636440"	"6.76093930"	"2"	"2"		""	"L11631"	
"481.5235"	"481.52295"	"120"	""		"3.41489715"	"5.98901244"	"1"	"2"		""	"L11631"	
"481.77778"	"481.77781"	"170"	"2.1e+04"	D	"2.22271209"	"4.79546566"	"1"	"2"		"T2578n"	"L11631"	
"482.41656"	"482.41645"	"427"	""		"3.63521992"	"6.20456765"	"1"	"1"		""	"L11631"	
"483.1202"	"483.11970"	"372bl"	""		"3.54652001"	"6.11212776"	"2"	"1"		""	"L11631"	
"483.27273"	"483.27274"	"740"	"1.76e+06"	C+	"3.63977237"	"6.20456765"	"2"	"1"		"T5720"	"L11631"	
"483.45065"	"483.45062"	"158"	"2.7e+04"	E	"2.42419831"	"4.98804995"	"1"	"2"		"T2578n"	"L11631"	
"483.58676"	"483.58672"	"550"	"1.1e+06"	D	"4.10337372"	"6.66650376"	"4"	"4"		"T2578n"	"L11631"	
"483.7880"	"483.78754"	"309"	""		"4.43461275"	"6.99667889"	"4"	"5"		""	"L11631"	
"483.8084"	"483.80882"	"79"	""		"3.25148176"	"5.81343520"	"3"	"2"		""	"L11631"	
"483.85115"	"483.85113"	"710"	"1.2e+06"	D	"3.41695281"	"5.97868220"	"2"	"1"		"T2578n"	"L11631"	
"483.95442"	"483.95443"	"3090"	"3.90e+05"	C+	"3.26711257"	"5.82829520"	"5"	"5"		"T5720"	"L11631"	
"483.9768"	"483.97680"	"141"	""		"4.60695104"	"7.16801526"	"2"	"3"		""	"L11631"	
"484.03214"	"484.03210"	"457"	"1.7e+06"	D	"4.15435379"	"6.71512541"	"3"	"3"		"T2578n"	"L11631"	
"484.0896"	"484.08969"	"95"	""		"4.10337372"	"6.66384071"	"4"	"3"		""	"L11631"	
"484.17847"	"484.17841"	"186"	""		"4.19086081"	"6.75085864"	"2"	"1"		""	"L11631"	
"484.2714"	"484.27150"	"60"	""		"4.22036211"	"6.77986785"	"4"	"4"		""	"L11631"	
"484.27881"	"484.27875"	"380"	"7.5e+05"	E	"4.10337372"	"6.66284114"	"4"	"5"		"T2578n"	"L11631"	
"484.31435"	"484.31429"	"1380"	"9.2e+05"	E	"3.39650880"	"5.95578840"	"3"	"2"		"T2578n"	"L11631"	
"484.40135"	"484.40133"	"760"	"3.62e+05"	C	"3.54652001"	"6.10533975"	"2"	"3"		"T5720"	"L11631"	
"484.56478"	"484.56463"	"590"	""		"3.63521992"	"6.19317735"	"1"	"0"		""	"L11631"	
"484.88832"	"484.88822"	"245"	"6.89e+04"	C	"2.27860466"	"4.83485507"	"2"	"1"		"T5720"	"L11631"	
"484.9668"	"484.96680"	"89"	""		"3.57321890"	"6.12905507"	"5"	"6"		""	"L11631"	
"485.56729"	"485.56728"	"1480"	""		"3.36825640"	"5.92093198"	"4"	"3"		""	"L11631"	
"485.8244"	"485.82460"	"79"	""		"4.19086081"	"6.74218434"	"2"	"3"		""	"L11631"	
"485.91215"	"485.91214"	"295"	"1.1e+06"	E	"4.19086081"	"6.74172473"	"2"	"2"		"T2578n"	"L11631"	
"485.97411"	"485.97414"	"24500"	"1.62e+07"	B+	"2.87550352"	"5.42604198"	"2"	"1"		"T5720"	"L11631"	
"486.09781"	"486.09775"	"457"	"1.3e+05"	E	"3.39650880"	"5.94639870"	"3"	"4"		"T2578n"	"L11631"	
"486.25966"	"486.25981"	"209"	""		"4.15435379"	"6.70339390"	"3"	"4"		""	"L11631"	
"486.36434"	"486.36435"	"1350"	""		"3.43018998"	"5.97868220"	"1"	"1"		""	"L11631"	
"486.3779"	"486.37769"	"60"	""		"3.03847046"	"5.58689276"	"2"	"3"		""	"L11631"	
"486.8373"	"486.83731"	"71"	""		"1.55735733"	"4.10337372"	"3"	"4"		""	"L11631"	
"486.8430"	"486.84348"	"71"	""		"4.60759327"	"7.15357742"	"3"	"4"		""	"L11631"	
"486.94636"	"486.94632"	"245"	"1.3e+05"	E	"3.54652001"	"6.09196644"	"2"	"3"		"T2578n"	"L11631"	
"487.0036"	"487.00363"	"98"	"3.88e+05"	C+	"3.92860683"	"6.47375371"	"2"	"1"		"T6110"	"L11631"	
"487.13179"	"487.13178"	"63000"	"2.44e+07"	B+	"2.86539125"	"5.40986861"	"3"	"2"		"T5720"	"L11631"	
"487.19278"	"487.19279"	"540"	"2.84e+05"	C+	"3.25148176"	"5.79564049"	"3"	"3"		"T5720"	"L11631"	
"487.21375"	"487.21373"	"38000"	"2.54e+07"	B+	"2.88199261"	"5.42604198"	"1"	"1"		"T5720"	"L11631"	
"487.2907"	"487.29068"	"89"	""		"4.22036211"	"6.76400977"	"4"	"4"		""	"L11631"	
"487.3210"	"487.32101"	"120"	""		"3.88350907"	"6.42699840"	"3"	"3"		""	"L11631"	
"487.37510"	"487.37508"	"112"	"5.5e+04"	E	"3.30092244"	"5.84412959"	"2"	"2"		"T2578n"	"L11631"	
"487.43534"	"487.43530"	"195"	""		"3.07133880"	"5.61423177"	"1"	"2"		""	"L11631"	
"487.50298"	"487.50299"	"151"	""		"4.73314079"	"7.2756807"	"3"	"3"		""	"L11631"	
"487.58773"	"487.58769"	"1120"	"3.4e+05"	E	"3.33201954"	"5.87411777"	"5"	"4"		"T2578n"	"L11631"	
"487.6188"	"487.61860"	"71"	"2.7e+04"	E	"3.25148176"	"5.79341882"	"3"	"2"		"T2578n"	"L11631"	
"487.76060"	"487.76042"	"151"	"2.6e+04"	E	"2.99804479"	"5.53924278"	"3"	"4"		"T2578n"	"L11631"	
"487.82108"	"487.82107"	"18200"	"1.21e+07"	B+	"2.88515991"	"5.42604198"	"0"	"1"		"T5720"	"L11631"	
"488.0527"	"488.05239"	"89"	""		"4.07581091"	"6.61548873"	"4"	"3"		""	"L11631"	
"488.17175"	"488.17174"	"2820"	"5.15e+05"	C+	"3.30140276"	"5.84045966"	"4"	"4"		"T5720"	"L11631"	
"488.21431"	"488.21429"	"1700"	""		"3.41695281"	"5.95578840"	"2"	"2"		""	"L11631"	
"488.54303"	"488.54301"	"2000"	""		"3.88160368"	"6.41873101"	"4"	"3"		""	"L11631"	
"488.63315"	"488.63311"	"2000"	""		"4.15435379"	"6.69101333"	"3"	"2"		""	"L11631"	
"488.71936"	"488.71932"	"1000"	""		"4.19086081"	"6.72707289"	"2"	"2"		""	"L11631"	
"488.7365"	"488.73669"	"89"	""		"4.07581091"	"6.61193286"	"4"	"4"		""	"L11631"	
"488.8262"	"488.82559"	"870bl"	""		"4.22036211"	"6.75602283"	"4"	"3"		""	"L11631"	
"488.86366"	"488.86362"	"1780"	""		"4.10337372"	"6.63883718"	"4"	"3"		""	"L11631"	
"488.90012"	"488.90008"	"1170"	"1.13e+05"	C+	"2.19786640"	"4.73314079"	"2"	"3"		"T5720"	"L11631"	
"488.91018"	"488.91019"	"1170"	""		"3.88350907"	"6.41873101"	"3"	"3"		""	"L11631"	
"489.07548"	"489.07549"	"58000"	"2.25e+07"	B+	"2.87550352"	"5.40986861"	"2"	"2"		"T5720"	"L11631"	
"489.1048"	"489.10485"	"195bl"	""		"4.07581091"	"6.6100239"	"4"	"5"		""	"L11631"	
"489.1144"	"489.11464"	"60"	""		"4.14264893"	"6.67681119"	"3"	"4"		""	"L11631"	
"489.14921"	"489.14920"	"117000"	"3.08e+07"	B+	"2.85122419"	"5.38520741"	"4"	"3"		"T5720"	"L11631"	
"489.28586"	"489.28587"	"630"	""		"4.21758325"	"6.75085864"	"1"	"1"		""	"L11631"	
"489.64382"	"489.64383"	"275"	"5.4e+05"	E	"3.88350907"	"6.41493251"	"3"	"2"		"T2578n"	"L11631"	
"490.0822"	"490.08218"	"20"	""		"4.79546566"	"7.3246249"	"2"	"1"		""	"L11631"	
"490.2163"	"490.21657"	"100"	""		"3.30092244"	"5.82938837"	"2"	"3"		""	"L11631"	
"490.33099"	"490.33097"	"17400"	"6.58e+06"	B+	"2.88199261"	"5.40986861"	"1"	"2"		"T5720"	"L11631"	
"490.51325"	"490.51326"	"245"	"5.3e+05"	E	"3.92860683"	"6.45554341"	"2"	"2"		"T2578n"	"L11631"	
"490.5216"	"490.52183"	"30"	""		"3.30140276"	"5.82829520"	"4"	"5"		""	"L11631"	
"490.77315"	"490.77316"	"1000"	""		"3.43018998"	"5.95578840"	"1"	"2"		""	"L11631"	
"490.80298"	"490.80308"	"275"	""		"4.21758325"	"6.74302768"	"1"	"1"		""	"L11631"	
"490.8599"	"490.86046"	"60"	""		"2.48437256"	"5.00952178"	"0"	"1"		""	"L11631"	
"490.93831"	"490.93832"	"1100"	""		"3.92860683"	"6.45335558"	"2"	"2"		""	"L11631"	
"491.00166"	"491.00164"	"3090"	""		"3.39650880"	"5.92093198"	"3"	"3"		""	"L11631"	
"491.03255"	"491.03249"	"1740"	""		"4.19086081"	"6.71512541"	"2"	"3"		""	"L11631"	
"491.05645"	"491.05644"	"1510"	""		"4.21758325"	"6.74172473"	"1"	"2"		""	"L11631"	
"491.15291"	"491.15303"	"107"	"1.9e+05"	E	"4.25622280"	"6.77986785"	"3"	"4"		"T2578n"	"L11631"	
"491.17791"	"491.17787"	"407"	"1.6e+06"	D	"3.92860683"	"6.45212430"	"2"	"1"		"T2578n"	"L11631"	
"491.2498"	"491.24974"	"50"	""		"4.14264893"	"6.66579718"	"3"	"3"		""	"L11631"	
"491.3143"	"491.31355"	"76"	""		"4.60759327"	"7.1304138"	"3"	"3"		""	"L11631"	
"491.72297"	"491.72295"	"950"	"6.4e+06"	D	"4.19086081"	"6.71158094"	"2"	"1"		"T2578n"	"L11631"	
"491.80122"	"491.80121"	"620"	"4.2e+06"	E	"4.23053960"	"6.75085864"	"0"	"1"		"T2578n"	"L11631"	
"491.89535"	"491.89539"	"1230"	""		"4.15435379"	"6.67419029"	"3"	"3"		""	"L11631"	
"491.89937"	"491.89936"	"69000"	"1.79e+07"	B	"2.86539125"	"5.38520741"	"3"	"3"		"T5720"	"L11631"	
"492.05028"	"492.05021"	"195000"	"3.58e+07"	B+	"2.83252676"	"5.35157038"	"5"	"4"		"T5720"	"L11631"	
"492.4298"	"492.43008"	"100bl*"	""		"4.79546566"	"7.31256608"	"2"	"2"		""	"L11631"	
"492.4298"	"492.43025"	"100bl*"	""		"4.98804995"	"7.5051495"	"2"	"2"		""	"L11631"	
"492.47692"	"492.47693"	"3890"	"4.23e+05"	C	"2.27860466"	"4.79546566"	"2"	"2"		"T5720"	"L11631"	
"492.52831"	"492.52839"	"129"	""		"4.10337372"	"6.61997175"	"4"	"4"		""	"L11631"	
"492.74179"	"492.74177"	"690"	"2.58e+05"	D+	"3.57321890"	"6.08872711"	"5"	"4"		"T5720"	"L11631"	
"492.7490"	"492.74887"	"60"	""		"4.55852281"	"7.07399482"	"3"	"3"		""	"L11631"	
"492.78679"	""	"1100"	""		""	""	""	""		""	"L11631"	
"493.03150"	"493.03149"	"1050"	"5.75e+06"	B	"3.95972364"	"6.47375371"	"1"	"1"		"T6110"	"L11631"	
"493.3191"	"493.31904"	"355bl"	""		"4.19086081"	"6.70342551"	"2"	"2"		""	"L11631"	
"493.32945"	"493.32924"	"204"	""		"3.30092244"	"5.81343520"	"2"	"2"		""	"L11631"	
"493.33410"	"493.33408"	"1550"	""		"4.23053960"	"6.74302768"	"0"	"1"		""	"L11631"	
"493.38727"	"493.38728"	"447"	""		"3.94332623"	"6.45554341"	"3"	"2"		""	"L11631"	
"493.40049"	"493.40048"	"1820"	""		"4.15435379"	"6.66650376"	"3"	"4"		""	"L11631"	
"493.40836"	"493.40834"	"229"	""		"3.30140276"	"5.81351269"	"4"	"4"		""	"L11631"	
"493.7298"	"493.72930"	"79"	""		"4.14264893"	"6.65312587"	"3"	"3"		""	"L11631"	
"493.81735"	"493.81734"	"2000"	""		"3.94332623"	"6.45335558"	"3"	"2"		""	"L11631"	
"493.88135"	"493.88138"	"13200"	"3.27e+06"	B+	"2.87550352"	"5.38520741"	"2"	"3"		"T5720"	"L11631"	
"493.9239"	"493.92354"	"2240bl*"	""		"4.21758325"	"6.72707289"	"1"	"2"		""	"L11631"	
"493.9239"	"493.92408"	"2240bl*"	""		"4.15435379"	"6.66384071"	"3"	"3"		""	"L11631"	
"493.96864"	"493.96862"	"11700"	"1.39e+04"	A	"0.85899575"	"3.36825640"	"5"	"4"		"T3548"	"L11631"	
"494.24589"	"494.24585"	"630"	"9.67e+05"	C	"4.22036211"	"6.72821528"	"4"	"5"		"T5720"	"L11631"	
"494.25901"	"494.25890"	"98"	""		"4.25622280"	"6.76400977"	"3"	"4"		""	"L11631"	
"494.56370"	"494.56356"	"417"	"1.3e+06"	E	"4.20888328"	"6.71512541"	"2"	"3"		"T2578n"	"L11631"	
"494.63878"	"494.63871"	"6000"	""		"3.36825640"	"5.87411777"	"4"	"4"		""	"L11631"	
"495.01057"	"495.01053"	"1550"	""		"3.41695281"	"5.92093198"	"2"	"3"		""	"L11631"	
"495.72983"	"495.72979"	"66000"	"1.18e+07"	B	"2.85122419"	"5.35157038"	"4"	"4"		"T5720"	"L11631"	
"495.75965"	"495.75961"	"295000"	"4.22e+07"	B+	"2.80829367"	"5.30848946"	"6"	"5"		"T5720"	"L11631"	
"495.76793"	"495.76819"	"2140"	""		"4.19086081"	"6.69101333"	"2"	"2"		""	"L11631"	
"495.9197"	"495.91978"	"30"	""		"4.83485507"	"7.3342434"	"1"	"1"		""	"L11631"	
"496.19137"	"496.19132"	"234"	"1.4e+05"	E	"3.63434980"	"6.13237029"	"6"	"5"		"T2578n"	"L11631"	
"496.25715"	"496.25711"	"680"	"1.37e+06"	C+	"4.17769679"	"6.67538611"	"5"	"6"		"T5720"	"L11631"	
"496.5780"	"496.57796"	"60"	""		"2.84504259"	"5.34111814"	"1"	"1"		""	"L11631"	
"496.60886"	"496.60882"	"13200"	"3.31e+06"	C+	"3.33201954"	"5.82793998"	"5"	"5"		"T5720"	"L11631"	
"496.6289"	"496.62885"	"40"	""		"3.95972364"	"6.45554341"	"1"	"2"		""	"L11631"	
"496.78970"	"496.78966"	"2290"	""		"4.19086081"	"6.68587270"	"2"	"1"		""	"L11631"	
"496.83923"	"496.83917"	"126"	""		"4.22036211"	"6.71512541"	"4"	"3"		""	"L11631"	
"496.86975"	"496.86979"	"1510"	"7.1e+05"	E	"3.63977237"	"6.13438193"	"2"	"3"		"T2578n"	"L11631"	
"496.99173"	"496.99169"	"1820"	""		"4.21758325"	"6.71158094"	"1"	"1"		""	"L11631"	
"497.04955"	"497.04958"	"1100"	"9.82e+05"	C	"3.63521992"	"6.12892712"	"1"	"2"		"T5720"	"L11631"	
"497.06457"	"497.06458"	"257"	""		"3.95972364"	"6.45335558"	"1"	"2"		""	"L11631"	
"497.31016"	"497.31014"	"3240"	"1.1e+07"	D+	"3.95972364"	"6.45212430"	"1"	"1"		"T2491n"	"L11631"	
"497.54118"	"497.54117"	"151"	""		"3.30140276"	"5.79264615"	"4"	"4"		""	"L11631"	
"497.76483"	"497.76479"	"186"	""		"3.92860683"	"6.41873101"	"2"	"3"		""	"L11631"	
"497.8112"	"497.81094"	"100"	""		"3.95972364"	"6.44961696"	"1"	"1"		""	"L11631"	
"497.86030"	"497.86028"	"2090"	"1.19e+07"	B	"3.98410712"	"6.47375371"	"2"	"1"		"T6110"	"L11631"	
"497.8691"	"497.86913"	"83"	""		"4.07581091"	"6.56541325"	"4"	"4"		""	"L11631"	
"497.95857"	"497.95866"	"182"	""		"3.63977237"	"6.12892712"	"2"	"2"		""	"L11631"	
"498.02831"	"498.02824"	"110"	""		"4.17769679"	"6.66650376"	"5"	"4"		""	"L11631"	
"498.0539"	"498.05397"	"40"	""		"4.18636440"	"6.67504280"	"2"	"3"		""	"L11631"	
"498.24996"	"498.24990"	"12300"	""		"4.10337372"	"6.59107351"	"4"	"3"		""	"L11631"	
"498.32504"	"498.32500"	"6500"	""		"4.15435379"	"6.64167865"	"3"	"2"		""	"L11631"	
"498.3341"	"498.33412"	"71"	""		"4.60695104"	"7.09423040"	"2"	"3"		""	"L11631"	
"498.38526"	"498.38522"	"8900"	""		"4.10337372"	"6.59039805"	"4"	"4"		""	"L11631"	
"498.52526"	"498.52527"	"7200"	"1.48e+07"	B	"3.92860683"	"6.41493251"	"2"	"2"		"T5720"	"L11631"	
"498.55469"	"498.55465"	"6900"	"1.39e+06"	B	"2.86539125"	"5.35157038"	"3"	"4"		"T5720"	"L11631"	
"498.59838"	"498.59829"	"117"	""		"4.25622280"	"6.74218434"	"3"	"3"		""	"L11631"	
"498.62223"	"498.62221"	"500"	"2.3e+06"	E	"4.21758325"	"6.70342551"	"1"	"2"		"T2578n"	"L11631"	
"498.6903"	"498.69049"	"52"	""		"4.25622280"	"6.74172473"	"3"	"2"		""	"L11631"	
"498.89498"	"498.89494"	"2880"	"5.2e+06"	D+	"4.15435379"	"6.63883718"	"3"	"3"		"T2491n"	"L11631"	
"499.12680"	"499.12676"	"2750"	""		"4.19086081"	"6.67419029"	"2"	"3"		""	"L11631"	
"499.1800"	"499.17984"	"30"	""		"2.85805275"	"5.34111814"	"0"	"1"		""	"L11631"	
"499.1867"	"499.18660"	"35"	"3.9e+05"	E	"4.22036211"	"6.70339390"	"4"	"4"		"T2578n"	"L11631"	
"499.2785"	"499.27857"	"20"	""		"4.26045326"	"6.74302768"	"1"	"1"		""	"L11631"	
"499.36802"	"499.36795"	"302"	"1.9e+06"	E	"4.20888328"	"6.69101333"	"2"	"2"		"T2578n"	"L11631"	
"499.37510"	"499.37506"	"191"	""		"4.18636440"	"6.66845912"	"2"	"3"		""	"L11631"	
"499.41292"	"499.41290"	"18600"	"3.18e+04"	A	"0.91460217"	"3.39650880"	"4"	"3"		"T3548"	"L11631"	
"499.54094"	"499.54075"	"112"	"7.3e+05"	E	"4.26045326"	"6.74172473"	"1"	"2"		"T2578n"	"L11631"	
"499.7960"	"499.79618"	"50"	""		"4.60695104"	"7.08695439"	"2"	"3"		""	"L11631"	
"499.91122"	"499.91120"	"316"	"7.3e+05"	E	"4.18636440"	"6.66579718"	"2"	"3"		"T2578n"	"L11631"	
"500.0210"	"500.02109"	"65"	""		"4.63819369"	"7.11708156"	"1"	"2"		""	"L11631"	
"500.18633"	"500.18631"	"20900"	"3.7e+07"	D+	"3.88160368"	"6.35967275"	"4"	"3"		"T2491n"	"L11631"	
"500.2581"	"500.25829"	"79bl*"	""		"4.18636440"	"6.66407690"	"2"	"2"		""	"L11631"	
"500.2581"	"500.25860"	"79bl*"	""		"4.83485507"	"7.31256608"	"1"	"2"		""	"L11631"	
"500.27924"	"500.27920"	"2570"	"8.8e+05"	D	"3.39650880"	"5.87411777"	"3"	"4"		"T2578n"	"L11631"	
"500.40440"	"500.40433"	"468"	"3.7e+06"	E	"4.20888328"	"6.68587270"	"2"	"1"		"T2578n"	"L11631"	
"500.4341"	"500.43399"	"105"	""		"3.30092244"	"5.77776507"	"2"	"1"		""	"L11631"	
"500.57120"	"500.57120"	"15800"	""		"3.88350907"	"6.35967275"	"3"	"3"		""	"L11631"	
"500.61188"	"500.61184"	"41700"	"5.87e+06"	B+	"2.83252676"	"5.30848946"	"5"	"5"		"T5720"	"L11631"	
"500.72750"	"500.72740"	"5400"	""		"4.10337372"	"6.57876498"	"4"	"5"		""	"L11631"	
"500.8639"	"500.86415"	"105"	""		"4.55852281"	"7.03323823"	"3"	"3"		""	"L11631"	
"501.1212"	"501.12120"	"60"	""		"3.01725044"	"5.49069652"	"2"	"2"		""	"L11631"	
"501.20681"	"501.20677"	"65000"	"5.50e+04"	A	"0.85899575"	"3.33201954"	"5"	"5"		"T3548"	"L11631"	
"501.21576"	"501.21566"	"740"	""		"4.19086081"	"6.66384071"	"2"	"3"		""	"L11631"	
"501.26944"	"501.26945"	"275"	"6.5e+05"	E	"4.28330826"	"6.75602283"	"2"	"3"		"T2578n"	"L11631"	
"501.49421"	"501.49422"	"12900"	"2.64e+07"	C+	"3.94332623"	"6.41493251"	"3"	"2"		"T5720"	"L11631"	
"501.64787"	"501.64770"	"79"	""		"4.25622280"	"6.72707289"	"3"	"2"		""	"L11631"	
"501.97303"	"501.97309"	"123"	""		"3.98410712"	"6.45335558"	"2"	"2"		""	"L11631"	
"502.08166"	"502.08167"	"135"	""		"3.54652001"	"6.01523448"	"2"	"1"		""	"L11631"	
"502.1591"	"502.15895"	"1120bl"	"6.18e+06"	D+	"4.25622280"	"6.72455738"	"3"	"4"		"T5720"	"L11631"	
"502.16832"	"502.16813"	"174"	""		"4.21758325"	"6.68587270"	"1"	"1"		""	"L11631"	
"502.22352"	"502.22353"	"7100"	"2.4e+07"	D+	"3.98410712"	"6.45212430"	"2"	"1"		"T2491n"	"L11631"	
"502.2789"	"502.27891"	"1230bl"	"1.87e+05"	C	"2.99035244"	"5.45809748"	"4"	"4"		"T5720"	"L11631"	
"502.31863"	"502.31854"	"316"	"2.3e+06"	E	"4.28330826"	"6.75085864"	"2"	"1"		"T2578n"	"L11631"	
"502.34975"	"502.34971"	"234"	"6.0e+05"	E	"4.31247059"	"6.77986785"	"5"	"4"		"T2578n"	"L11631"	
"502.47933"	"502.47919"	"302"	""		"4.18636440"	"6.65312587"	"2"	"3"		""	"L11631"	
"502.5084"	"502.50808"	"17"	""		"4.26045326"	"6.72707289"	"1"	"2"		""	"L11631"	
"502.53023"	"502.53029"	"98"	""		"4.28434800"	"6.75085864"	"0"	"1"		""	"L11631"	
"502.71227"	"502.71223"	"4470"	""		"4.15435379"	"6.61997175"	"3"	"4"		""	"L11631"	
"502.7225"	"502.72255"	"830bl"	"4.91e+05"	C	"3.63977237"	"6.10533975"	"2"	"3"		"T5720"	"L11631"	
"502.73422"	"502.73428"	"200"	""		"3.98410712"	"6.44961696"	"2"	"1"		""	"L11631"	
"502.77563"	"502.77564"	"690"	"2.2e+06"	E	"4.20888328"	"6.67419029"	"2"	"3"		"T2578n"	"L11631"	
"502.81260"	"502.81259"	"6300"	"2.21e+06"	B	"3.57321890"	"6.03834476"	"5"	"4"		"T5720"	"L11631"	
"502.96173"	"502.96176"	"1200"	"5.3e+05"	D	"3.41489715"	"5.87929188"	"1"	"2"		"T2578n"	"L11631"	
"503.07783"	"503.07778"	"620"	"2.60e+04"	C+	"3.23672008"	"5.70054647"	"6"	"7"		"T5720"	"L11631"	
"503.10360"	"503.10376"	"166"	""		"3.64164057"	"6.10533975"	"3"	"3"		""	"L11631"	
"503.1914"	"503.19138"	"170"	"8.4e+05"	E	"4.37135106"	"6.83462125"	"4"	"3"		"T2578n"	"L11631"	
"503.56999"	""	"5200"	""		""	""	""	""		""	"L11631"	
"503.6922"	"503.69214"	"141bl"	"4.7e+04"	E	"3.01725044"	"5.47807170"	"2"	"2"		"T2578n"	"L11631"	
"503.92516"	"503.92512"	"2690"	"6.38e+05"	B	"3.36825640"	"5.82793998"	"4"	"5"		"T5720"	"L11631"	
"504.0240"	"504.02535"	"79bl"	""		"4.22036211"	"6.67955657"	"4"	"5"		""	"L11631"	
"504.08522"	"504.08518"	"850"	""		"4.25622280"	"6.71512541"	"3"	"3"		""	"L11631"	
"504.09058"	"504.09062"	"2820"	""		"4.28330826"	"6.74218434"	"2"	"3"		""	"L11631"	
"504.10713"	"504.10714"	"17800"	"4.29e+04"	B	"0.95815732"	"3.41695281"	"3"	"2"		"T5720"	"L11631"	
"504.13471"	"504.13467"	"204"	""		"3.01725044"	"5.47591165"	"2"	"3"		""	"L11631"	
"504.14473"	"504.14479"	"91"	""		"4.54850612"	"7.00711799"	"4"	"4"		""	"L11631"	
"504.17557"	"504.17555"	"56000"	"2.35e+05"	B	"1.48486439"	"3.94332623"	"4"	"3"		"T5720"	"L11631"	
"504.18482"	"504.18486"	"68"	""		"4.28330826"	"6.74172473"	"2"	"2"		""	"L11631"	
"504.42111"	"504.42106"	"1660"	"2.29e+05"	B	"2.85122419"	"5.30848946"	"4"	"5"		"T5720"	"L11631"	
"504.6363"	"504.63637"	"129"	""		"5.00952178"	"7.4657386"	"1"	"1"		""	"L11631"	
"504.8436"	"504.84356"	"1820bl"	"4.88e+06"	B	"3.95972364"	"6.41493251"	"1"	"2"		"T5720"	"L11631"	
"504.98194"	"504.98193"	"27500"	"1.65e+06"	B	"2.27860466"	"4.73314079"	"2"	"3"		"T5720"	"L11631"	
"505.16342"	"505.16343"	"38900"	"4.65e+04"	A	"0.91460217"	"3.36825640"	"4"	"4"		"T3548"	"L11631"	
"505.29811"	"505.29814"	"324"	""		"3.26711257"	"5.72011266"	"5"	"5"		""	"L11631"	
"505.46423"	"505.46423"	"550"	"4.47e+05"	C+	"3.63977237"	"6.09196644"	"2"	"3"		"T5720"	"L11631"	
"505.5991"	"505.59926"	"79"	"3.0e+05"	E	"4.31247059"	"6.76400977"	"5"	"4"		"T2578n"	"L11631"	
"505.68408"	"505.68414"	"158"	"1.0e+06"	E	"4.26045326"	"6.71158094"	"1"	"1"		"T2578n"	"L11631"	
"505.7483"	"505.74789"	"132bl*"	""		"4.41527878"	"6.8660975"	"3"	"2"		""	"L11631"	
"505.7483"	"505.74807"	"132bl*"	""		"4.19086081"	"6.64167865"	"2"	"2"		""	"L11631"	
"505.84971"	"505.84962"	"45"	""		"3.64164057"	"6.09196644"	"3"	"3"		""	"L11631"	
"506.00341"	"506.00355"	"20"	""		"4.30127816"	"6.75085864"	"1"	"1"		""	"L11631"	
"506.00787"	"506.00782"	"930"	"1.38e+02"	C+	"0.0000000"	"2.44955978"	"4"	"3"		"T5720"	"L11631"	
"506.4590"	"506.45833"	"50"	""		"4.07581091"	"6.52319179"	"4"	"5"		""	"L11631"	
"506.49524"	"506.49520"	"510"	""		"4.25622280"	"6.70342551"	"3"	"2"		""	"L11631"	
"506.50181"	"506.50174"	"6900"	""		"4.25622280"	"6.70339390"	"3"	"4"		""	"L11631"	
"506.51924"	"506.51925"	"2040"	"8.86e+05"	D+	"3.64164057"	"6.08872711"	"3"	"4"		"T5720"	"L11631"	
"506.71492"	"506.71490"	"1550"	""		"4.22036211"	"6.66650376"	"4"	"4"		""	"L11631"	
"506.87655"	"506.87656"	"12900"	"3.37e+06"	B+	"2.93984587"	"5.38520741"	"4"	"3"		"T5720"	"L11631"	
"506.9423"	"506.94231"	"100"	""		"4.29441489"	"6.73945929"	"2"	"3"		""	"L11631"	
"507.1511"	"507.15103"	"105"	""		"4.55852281"	"7.00256095"	"3"	"2"		""	"L11631"	
"507.20780"	"507.20779"	"2190"	""		"4.28330826"	"6.72707289"	"2"	"2"		""	"L11631"	
"507.26718"	"507.26716"	"1100"	""		"4.22036211"	"6.66384071"	"4"	"3"		""	"L11631"	
"507.3897"	"507.38912"	"457bl"	""		"3.98410712"	"6.42699840"	"2"	"3"		""	"L11631"	
"507.47480"	"507.47476"	"10200"	"1.4e+07"	D	"4.22036211"	"6.66284114"	"4"	"5"		"T2491n"	"L11631"	
"507.62642"	"507.62638"	"1320"	""		"4.30127816"	"6.74302768"	"1"	"1"		""	"L11631"	
"507.89745"	"507.89740"	"4790"	""		"4.30127816"	"6.74172473"	"1"	"2"		""	"L11631"	
"507.92227"	"507.92223"	"3980"	"7.38e+05"	B	"2.19786640"	"4.63819369"	"2"	"1"		"T4187"	"L11631"	
"507.97396"	"507.97395"	"11200"	"5.19e+04"	A	"0.99011115"	"3.43018998"	"2"	"1"		"T3548"	"L11631"	
"508.03514"	"508.03518"	"417"	""		"3.69459719"	"6.13438193"	"4"	"3"		""	"L11631"	
"508.07878"	"508.07879"	"138"	""		"2.94879294"	"5.38836827"	"5"	"5"		""	"L11631"	
"508.09358"	"508.09353"	"316"	"1.8e+04"	E	"3.26711257"	"5.70661711"	"5"	"6"		"T2578n"	"L11631"	
"508.33382"	"508.33380"	"23400"	"4.06e+04"	A	"0.95815732"	"3.39650880"	"3"	"3"		"T3548"	"L11631"	
"508.4545"	"508.45441"	"76"	""		"3.69459719"	"6.13237029"	"4"	"5"		""	"L11631"	
"508.81528"	"508.81526"	"229"	"5.1e+05"	D	"4.15435379"	"6.59039805"	"3"	"4"		"T2578n"	"L11631"	
"509.07736"	"509.07727"	"3550"	"1.9e+07"	D	"4.25622280"	"6.69101333"	"3"	"2"		"T2491n"	"L11631"	
"509.69977"	"509.69972"	"4470"	""		"4.28330826"	"6.71512541"	"2"	"3"		""	"L11631"	
"509.85719"	"509.85723"	"2290"	""		"3.92860683"	"6.35967275"	"2"	"3"		""	"L11631"	
"509.86978"	"509.86981"	"6800"	"4.83e+05"	D+	"2.17594512"	"4.60695104"	"3"	"2"		"T5720"	"L11631"	
"509.90770"	"509.90768"	"780"	"2.79e+06"	B	"3.98410712"	"6.41493251"	"2"	"2"		"T5720"	"L11631"	
"510.40298"	"510.40302"	"245"	"5.7e+04"	E	"3.01725044"	"5.44571679"	"2"	"3"		"T2578n"	"L11631"	
"510.41909"	"510.41891"	"224"	"2.7e+05"	E	"4.17769679"	"6.60608750"	"5"	"5"		"T2578n"	"L11631"	
"510.44372"	"510.44372"	"275"	"1.8e+06"	E	"4.28330826"	"6.71158094"	"2"	"1"		"T2578n"	"L11631"	
"510.74471"	"510.74472"	"15800"	"4.18e+04"	A	"0.99011115"	"3.41695281"	"2"	"2"		"T3548"	"L11631"	
"510.76407"	"510.76406"	"34700"	"1.95e+05"	A	"1.55735733"	"3.98410712"	"3"	"2"		"T3831"	"L11631"	
"510.8403"	"510.83967"	"129"	""		"4.55852281"	"6.98491341"	"3"	"3"		""	"L11631"	
"510.96517"	"510.96515"	"1580"	""		"4.30127816"	"6.72707289"	"1"	"2"		""	"L11631"	
"511.03585"	"511.03580"	"3090"	"9.99e+05"	B	"3.57321890"	"5.99867825"	"5"	"5"		"T5720"	"L11631"	
"511.04128"	"511.04129"	"40700"	"4.93e+03"	A	"0.0000000"	"2.42543332"	"4"	"4"		"T3547"	"L11631"	
"511.2917"	"511.29163"	"105"	""		"4.95563019"	"7.3798760"	"3"	"3"		""	"L11631"	
"511.57778"	"511.57768"	"427"	"5.8e+04"	E	"3.57321890"	"5.99610917"	"5"	"4"		"T2578n"	"L11631"	
"512.16388"	"512.16386"	"1700"	"7.9e+06"	D	"4.28330826"	"6.70342551"	"2"	"2"		"T2491n"	"L11631"	
"512.1973"	"512.19659"	"20"	""		"3.54652001"	"5.96648265"	"2"	"3"		""	"L11631"	
"512.3280"	"512.32788"	"89"	""		"4.41527878"	"6.83462125"	"3"	"3"		""	"L11631"	
"512.37196"	"512.37197"	"15100"	"7.24e+04"	A	"1.01105568"	"3.43018998"	"1"	"1"		"T3548"	"L11631"	
"512.46195"	"512.46187"	"195"	""		"3.30140276"	"5.72011266"	"4"	"5"		""	"L11631"	
"512.51168"	"512.51163"	"8300"	""		"4.22036211"	"6.63883718"	"4"	"3"		""	"L11631"	
"512.5834"	"512.58361"	"200"	""		"4.14264893"	"6.56078442"	"3"	"2"		""	"L11631"	
"512.6193"	"512.61922"	"1290bl"	"3.2e+06"	E	"4.25622280"	"6.67419029"	"3"	"3"		"T2578n"	"L11631"	
"512.73590"	"512.73588"	"13500"	"1.14e+04"	A	"0.91460217"	"3.33201954"	"4"	"5"		"T3548"	"L11631"	
"512.76793"	"512.76807"	"191"	"3.80e+01"	A	"0.05156912"	"2.46883473"	"3"	"2"		"T3547"	"L11631"	
"512.96305"	"512.96311"	"417"	"5.5e+05"	E	"3.94332623"	"6.35967275"	"3"	"3"		"T2578n"	"L11631"	
"513.14684"	"513.14679"	"1380"	"2.58e+05"	D+	"2.22271209"	"4.63819369"	"1"	"1"		"T5720"	"L11631"	
"513.36882"	"513.36877"	"20900"	""		"4.17769679"	"6.59213395"	"5"	"6"		""	"L11631"	
"513.6093"	"513.60915"	"151"	"6.8e+05"	E	"4.18636440"	"6.59967157"	"2"	"1"		"T2578n"	"L11631"	
"513.73818"	"513.73814"	"6900"	"1.0e+07"	D	"4.17769679"	"6.59039805"	"5"	"4"		"T2491n"	"L11631"	
"513.92511"	"513.92504"	"22400"	"9.16e+06"	B+	"2.99804479"	"5.40986861"	"3"	"2"		"T5720"	"L11631"	
"513.94625"	"513.94620"	"45700"	"8.69e+06"	B+	"2.93984587"	"5.35157038"	"4"	"4"		"T5720"	"L11631"	
"514.17387"	"514.17385"	"2820"	"4.86e+05"	D	"2.42419831"	"4.83485507"	"1"	"1"		"T5720"	"L11631"	
"514.24938"	"514.24936"	"1000"	""		"4.30127816"	"6.71158094"	"1"	"1"		""	"L11631"	
"514.25409"	"514.25402"	"3890"	""		"4.25622280"	"6.66650376"	"3"	"4"		""	"L11631"	
"514.29282"	"514.29283"	"15800"	"2.40e+04"	D+	"0.95815732"	"3.36825640"	"3"	"4"		"T5720"	"L11631"	
"514.37234"	"514.37226"	"102"	"7.3e+03"	E	"2.19786640"	"4.60759327"	"2"	"3"		"T2578n"	"L11631"	
"514.50933"	"514.50939"	"363"	"6.70e+04"	D+	"2.19786640"	"4.60695104"	"2"	"2"		"T5720"	"L11631"	
"514.6306"	"514.63070"	"151"	"2.7e+05"	E	"4.37135106"	"6.77986785"	"4"	"4"		"T2578n"	"L11631"	
"514.80425"	"514.80420"	"2040"	""		"4.28330826"	"6.69101333"	"2"	"2"		""	"L11631"	
"514.82288"	"514.82284"	"3470"	""		"4.25622280"	"6.66384071"	"3"	"3"		""	"L11631"	
"515.01968"	"515.01968"	"331"	""		"3.57321890"	"5.97991659"	"5"	"5"		""	"L11631"	
"515.08392"	"515.08390"	"13800"	"3.30e+04"	C	"0.99011115"	"3.39650880"	"2"	"3"		"T5720"	"L11631"	
"515.1911"	"515.19106"	"8700bl"	"2.39e+04"	A	"1.01105568"	"3.41695281"	"1"	"2"		"T3548"	"L11631"	
"515.90573"	"515.90571"	"1580"	""		"4.28330826"	"6.68587270"	"2"	"1"		""	"L11631"	
"516.1297"	"516.12907"	"151"	""		"4.28434800"	"6.68587270"	"0"	"1"		""	"L11631"	
"516.22725"	"516.22721"	"9800"	""		"4.17769679"	"6.57876498"	"5"	"5"		""	"L11631"	
"516.45503"	"516.45514"	"380"	"1.6e+06"	E	"4.43461275"	"6.83462125"	"4"	"3"		"T2578n"	"L11631"	
"516.49102"	"516.49111"	"339"	""		"4.14264893"	"6.5424903"	"3"	"4"		""	"L11631"	
"516.54103"	"516.54099"	"3240"	""		"4.22036211"	"6.61997175"	"4"	"4"		""	"L11631"	
"516.62819"	"516.62817"	"15500"	"1.45e+03"	A	"0.0000000"	"2.39920471"	"4"	"5"		"T3547"	"L11631"	
"516.74881"	"516.74879"	"760000"	"2.72e+06"	B+	"1.48486439"	"3.88350907"	"4"	"3"		"T5720"	"L11631"	
"516.7711"	"516.77177"	"398"	""		"3.41489715"	"5.81343520"	"1"	"2"		""	"L11631"	
"516.88978"	"516.88973"	"22400"	"3.83e+03"	A	"0.05156912"	"2.44955978"	"3"	"3"		"T3547"	"L11631"	
"516.9298"	"516.92985"	"158"	""		"4.07581091"	"6.47361547"	"4"	"3"		""	"L11631"	
"517.1314"	"517.13165"	"141"	""		"4.95563019"	"7.3524990"	"3"	"4"		""	"L11631"	
"517.15960"	"517.15961"	"162000"	"4.46e+05"	A	"1.48486439"	"3.88160368"	"4"	"4"		"T3831"	"L11631"	
"517.16728"	"517.16718"	"710"	""		"3.64164057"	"6.03834476"	"3"	"4"		""	"L11631"	
"517.31249"	"517.31236"	"182"	""		"2.94879294"	"5.34482452"	"5"	"4"		""	"L11631"	
"517.3503"	"517.35016"	"186"	""		"2.99035244"	"5.3862090"	"4"	"4"		""	"L11631"	
"517.72337"	"517.72327"	"355"	"1.2e+05"	E	"3.69459719"	"6.08872711"	"4"	"4"		"T2578n"	"L11631"	
"517.88002"	"517.88006"	"234"	"4.2e+05"	E	"4.38646275"	"6.77986785"	"5"	"4"		"T2578n"	"L11631"	
"518.2223"	"518.22196"	"50"	""		"4.98804995"	"7.3798760"	"2"	"3"		""	"L11631"	
"518.41757"	"518.41763"	"170"	""		"4.31247059"	"6.70339390"	"5"	"4"		""	"L11631"	
"518.42657"	"518.42658"	"1150"	"3.8e+06"	D	"4.28330826"	"6.67419029"	"2"	"3"		"T2578n"	"L11631"	
"518.57257"	"518.57247"	"720"	""		"3.57321890"	"5.96342830"	"5"	"6"		""	"L11631"	
"518.79138"	"518.79142"	"910"	"2.11e+06"	C+	"4.14264893"	"6.53184961"	"3"	"2"		"T5720"	"L11631"	
"519.14546"	"519.14542"	"31600"	"2.32e+07"	B	"3.03847046"	"5.42604198"	"2"	"1"		"T5720"	"L11631"	
"519.23439"	"519.23434"	"47900"	"1.34e+07"	B+	"2.99804479"	"5.38520741"	"3"	"3"		"T5720"	"L11631"	
"519.49414"	"519.49412"	"72000"	"2.87e+05"	A	"1.55735733"	"3.94332623"	"3"	"3"		"T3831"	"L11631"	
"519.54719"	"519.54715"	"6500"	""		"4.22036211"	"6.60608750"	"4"	"5"		""	"L11631"	
"519.60593"	"519.60585"	"1780"	""		"4.25622280"	"6.64167865"	"3"	"2"		""	"L11631"	
"519.79369"	"519.79354"	"282"	"2.0e+06"	E	"4.30127816"	"6.68587270"	"1"	"1"		"T2578n"	"L11631"	
"519.87108"	"519.87106"	"2950"	"3.62e+05"	B	"2.22271209"	"4.60695104"	"1"	"2"		"T4187"	"L11631"	
"520.22561"	"520.22553"	"1510"	""		"4.25622280"	"6.63883718"	"3"	"3"		""	"L11631"	
"520.23357"	"520.23355"	"8300"	"5.11e+05"	B	"2.17594512"	"4.55852281"	"3"	"3"		"T4187"	"L11631"	
"520.45823"	"520.45826"	"6600"	"2.29e+03"	A	"0.08728574"	"2.46883473"	"2"	"2"		"T3547"	"L11631"	
"520.4950"	"520.49465"	"407"	""		"2.99035244"	"5.37173492"	"4"	"3"		""	"L11631"	
"520.79372"	"520.79381"	"209"	"3.2e+05"	E	"3.63521992"	"6.01523448"	"1"	"1"		"T2578n"	"L11631"	
"520.85936"	"520.85937"	"12300"	"6.23e+06"	B	"3.24096914"	"5.62068415"	"3"	"2"		"T5783"	"L11631"	
"520.98843"	"520.98852"	"257"	""		"3.23672008"	"5.61584517"	"6"	"5"		""	"L11631"	
"521.3841"	"521.38408"	"437"	""		"4.60759327"	"6.98491341"	"3"	"3"		""	"L11631"	
"521.4608"	"521.46067"	"141"	""		"4.29441489"	"6.67138589"	"2"	"1"		""	"L11631"	
"521.51803"	"521.51801"	"11500"	"1.10e+07"	B	"3.26570610"	"5.64241573"	"2"	"1"		"T6110"	"L11631"	
"521.62737"	"521.62737"	"58000"	"3.47e+05"	A	"1.60789577"	"3.98410712"	"2"	"2"		"T3831"	"L11631"	
"521.73890"	"521.73891"	"8900"	"2.41e+06"	B	"3.21118938"	"5.58689276"	"4"	"3"		"T5720"	"L11631"	
"521.79189"	"521.79190"	"479"	"1.56e+06"	C+	"3.63977237"	"6.01523448"	"2"	"1"		"T5720"	"L11631"	
"522.10378"	"522.10354"	"372"	""		"4.29441489"	"6.66845912"	"2"	"3"		""	"L11631"	
"522.1763"	"522.17597"	"89"	""		"3.27398440"	"5.64769932"	"1"	"1"		""	"L11631"	
"522.31851"	"522.31825"	"550"	"4.03e+06"	C+	"3.63521992"	"6.00828827"	"1"	"0"		"T5720"	"L11631"	
"522.4298"	"522.42994"	"191"	"2.8e+03"	E	"2.17594512"	"4.54850612"	"3"	"4"		"T2578n"	"L11631"	
"522.55257"	"522.55261"	"2240"	"1.32e+03"	A	"0.11011433"	"2.48211840"	"1"	"1"		"T3547"	"L11631"	
"522.60658"	"522.60631"	"810"	""		"3.41489715"	"5.7866575"	"1"	"0"		""	"L11631"	
"522.68620"	"522.68612"	"30900"	"1.36e+07"	B	"3.03847046"	"5.40986861"	"2"	"2"		"T5720"	"L11631"	
"522.71503"	"522.71496"	"8700"	""		"2.42419831"	"4.79546566"	"1"	"2"		""	"L11631"	
"522.71891"	"522.71889"	"437000"	"2.89e+06"	B+	"1.55735733"	"3.92860683"	"3"	"2"		"T5720"	"L11631"	
"522.83764"	"522.83754"	"870"	"1.9e+06"	E	"4.22036211"	"6.59107351"	"4"	"3"		"T2578n"	"L11631"	
"522.98482"	"522.98447"	"8700"	""		"3.28302483"	"5.65307019"	"1"	"0"		""	"L11631"	
"522.98739"	"522.98655"	"1260"	""		"4.22036211"	"6.59039805"	"4"	"4"		""	"L11631"	
"523.1388"	"523.13942"	"115"	""		"3.57321890"	"5.94256226"	"5"	"4"		""	"L11631"	
"523.29400"	"523.29398"	"123000"	"1.94e+07"	B+	"2.93984587"	"5.30848946"	"4"	"5"		"T5720"	"L11631"	
"523.53864"	"523.53870"	"2290"	"3.75e+06"	D+	"4.07581091"	"6.44334733"	"4"	"3"		"T5720"	"L11631"	
"523.62038"	"523.62017"	"389"	"2.58e+06"	C	"4.18636440"	"6.55353246"	"2"	"1"		"T5720"	"L11631"	
"524.0355"	"524.03561"	"71"	""		"3.26711257"	"5.63240401"	"5"	"4"		""	"L11631"	
"524.24907"	"524.24905"	"8900"	"2.38e+06"	B	"3.63434980"	"5.99867825"	"6"	"5"		"T5720"	"L11631"	
"524.37766"	"524.37758"	"950"	"2.0e+06"	D	"4.25622280"	"6.61997175"	"3"	"4"		"T2578n"	"L11631"	
"524.70501"	"524.70499"	"1580"	"3.92e+02"	A	"0.08728574"	"2.44955978"	"2"	"3"		"T3547"	"L11631"	
"524.91051"	"524.91049"	"263"	"1.2e+06"	E	"4.47327202"	"6.83462125"	"3"	"3"		"T2578n"	"L11631"	
"525.02086"	"525.02089"	"1550"	"9.30e+02"	A	"0.12126572"	"2.48211840"	"0"	"1"		"T3547"	"L11631"	
"525.06456"	"525.06454"	"4470"	"2.28e+05"	D+	"2.19786640"	"4.55852281"	"2"	"3"		"T5720"	"L11631"	
"525.19655"	"525.19664"	"2400"	""		"3.57321890"	"5.93328155"	"5"	"6"		""	"L11631"	
"525.34614"	"525.34617"	"2290"	"2.15e+06"	B	"3.28302483"	"5.64241573"	"1"	"1"		"T6110"	"L11631"	
"525.49551"	"525.49552"	"3310"	"8.31e+02"	A	"0.11011433"	"2.46883473"	"1"	"2"		"T3547"	"L11631"	
"525.56651"	"525.56627"	"110"	""		"4.22036211"	"6.57876498"	"4"	"5"		""	"L11631"	
"525.57353"	"525.57351"	"141"	""		"4.28330826"	"6.64167865"	"2"	"2"		""	"L11631"	
"525.76549"	"525.76544"	"229"	""		"3.57321890"	"5.93072834"	"5"	"5"		""	"L11631"	
"526.28806"	"526.28812"	"100"	"8.7e+04"	E	"3.25148176"	"5.60664989"	"3"	"3"		"T2578n"	"L11631"	
"526.33059"	"526.33060"	"11500"	"6.36e+06"	B	"3.26570610"	"5.62068415"	"2"	"2"		"T5783"	"L11631"	
"526.38646"	"526.38644"	"870"	"1.96e+05"	C	"3.57321890"	"5.92794713"	"5"	"4"		"T5720"	"L11631"	
"526.52436"	"526.52414"	"229"	""		"3.01762252"	"5.37173492"	"3"	"3"		""	"L11631"	
"526.65550"	"526.65543"	"51000"	"1.10e+07"	B	"2.99804479"	"5.35157038"	"3"	"4"		"T5720"	"L11631"	
"526.7270"	"526.72688"	"209"	"6.77e+05"	C+	"4.37135106"	"6.72455738"	"4"	"4"		"T6110"	"L11631"	
"526.9060"	"526.90691"	"324"	""		"5.06378173"	"7.4161840"	"3"	"2"		""	"L11631"	
"526.95370"	"526.95366"	"1020000"	"1.27e+06"	A	"0.85899575"	"3.21118938"	"5"	"4"		"T3548"	"L11631"	
"527.03560"	"527.03561"	"288000"	"3.67e+06"	B+	"1.60789577"	"3.95972364"	"2"	"1"		"T5720"	"L11631"	
"527.31632"	"527.31633"	"7800"	"8.12e+06"	B	"3.29183986"	"5.64241573"	"0"	"1"		"T6110"	"L11631"	
"527.33732"	"527.33727"	"3160"	"5.55e+05"	D	"2.48437256"	"4.83485507"	"0"	"1"		"T5720"	"L11631"	
"527.4981"	"527.49807"	"155"	""		"4.07581091"	"6.42557692"	"4"	"3"		""	"L11631"	
"527.8580"	"527.85743"	"79"	""		"3.30092244"	"5.64908881"	"2"	"3"		""	"L11631"	
"528.03616"	"528.03609"	"540"	"7.27e+05"	C+	"3.64164057"	"5.98901244"	"3"	"2"		"T5720"	"L11631"	
"528.1630"	"528.16299"	"850bl"	""		"5.03306811"	"7.3798760"	"4"	"3"		""	"L11631"	
"528.17900"	"528.17895"	"15800"	"5.00e+06"	B	"3.03847046"	"5.38520741"	"2"	"3"		"T5720"	"L11631"	
"528.36207"	"528.36207"	"33900"	"1.02e+07"	B	"3.24096914"	"5.58689276"	"3"	"3"		"T5720"	"L11631"	
"528.44245"	"528.44245"	"660"	"8.29e+04"	C+	"3.63434980"	"5.97991659"	"6"	"5"		"T5720"	"L11631"	
"528.46083"	"528.46084"	"214"	""		"4.18636440"	"6.53184961"	"2"	"2"		""	"L11631"	
"528.51282"	"528.51269"	"214"	"6.4e+05"	E	"4.43461275"	"6.77986785"	"4"	"4"		"T2578n"	"L11631"	
"528.85243"	"528.85264"	"2190"	"8.22e+05"	B	"3.69459719"	"6.03834476"	"4"	"4"		"T5720"	"L11631"	
"529.3029"	"529.30319"	"89"	"1.0e+05"	E	"4.38646275"	"6.72821528"	"5"	"5"		"T2578n"	"L11631"	
"529.39585"	"529.39583"	"245"	"6.9e+05"	E	"4.14264893"	"6.48399171"	"3"	"2"		"T2578n"	"L11631"	
"529.45478"	"529.45471"	"89"	"7.3e+04"	E	"3.63977237"	"5.98085478"	"2"	"2"		"T2578n"	"L11631"	
"529.53118"	"529.53124"	"234"	"7.3e+05"	E	"4.41527878"	"6.75602283"	"3"	"3"		"T2578n"	"L11631"	
"529.87755"	"529.87756"	"363"	"4.58e+05"	C+	"3.64164057"	"5.98085478"	"3"	"2"		"T5720"	"L11631"	
"529.8949"	"529.89452"	"200"	""		"4.91297355"	"7.2521129"	"4"	"5"		""	"L11631"	
"530.2299"	"530.23001"	"25"	"9.04e+06"	B	"3.28302483"	"5.62068415"	"1"	"2"		"T5783"	"L2637"	
"530.4761"	"530.47608"	"372bl"	""		"4.98804995"	"7.3246249"	"2"	"1"		""	"L11631"	
"530.54223"	"530.54162"	"620"	""		"3.63521992"	"5.97150625"	"1"	"2"		""	"L11631"	
"530.73607"	"530.73605"	"7800"	"3.48e+04"	A	"1.60789577"	"3.94332623"	"2"	"3"		"T3831"	"L11631"	
"531.40246"	"531.40198"	"288"	""		"5.32039963"	"7.6529034"	"5"	"4"		""	"L11631"	
"531.5771"	"531.57745"	"141"	""		"3.63977237"	"5.97150625"	"2"	"2"		""	"L11631"	
"532.0035"	"532.00370"	"191"	"1.5e+05"	D	"3.64164057"	"5.97150625"	"3"	"2"		"T2578n"	"L11631"	
"532.11076"	"532.11074"	"355"	"2.13e+06"	C	"4.43461275"	"6.76400977"	"4"	"4"		"T5720"	"L11631"	
"532.18342"	"532.18351"	"347"	""		"3.63434980"	"5.96342830"	"6"	"6"		""	"L11631"	
"532.20404"	"532.20405"	"830"	"5.29e+04"	C	"2.27860466"	"4.60759327"	"2"	"3"		"T5720"	"L11631"	
"532.41787"	"532.41785"	"78000"	"2.06e+07"	B	"3.21118938"	"5.53924278"	"4"	"4"		"T5783"	"L11631"	
"532.61424"	"532.61422"	"560"	"2.22e+05"	B	"3.57321890"	"5.90041395"	"5"	"4"		"T6110"	"L11631"	
"532.80383"	"532.80381"	"740000"	"1.15e+06"	A	"0.91460217"	"3.24096914"	"4"	"3"		"T3548"	"L11631"	
"532.85313"	"532.85311"	"105000"	"4.74e+05"	B	"1.55735733"	"3.88350907"	"3"	"3"		"T5720"	"L11631"	
"532.99887"	"532.99894"	"2040"	"1.29e+06"	C+	"4.07581091"	"6.40132623"	"4"	"5"		"T5720"	"L11631"	
"533.26598"	"533.26605"	"427"	"6.8e+05"	E	"4.18636440"	"6.51071489"	"2"	"1"		"T2578n"	"L11631"	
"533.28994"	"533.28994"	"11000"	"4.36e+04"	B	"1.55735733"	"3.88160368"	"3"	"4"		"T5720"	"L11631"	
"533.99290"	"533.99291"	"19500"	"6.36e+06"	C+	"3.26570610"	"5.58689276"	"2"	"3"		"T5720"	"L11631"	
"534.10237"	"534.10235"	"81000"	"5.21e+05"	B	"1.60789577"	"3.92860683"	"2"	"2"		"T5720"	"L11631"	
"534.97373"	"534.97371"	"479"	"1.4e+06"	D	"4.38646275"	"6.70339390"	"5"	"4"		"T2578n"	"L11631"	
"535.33732"	"535.33736"	"1910"	""		"4.10337372"	"6.41873101"	"4"	"3"		""	"L11631"	
"535.8114"	"535.81130"	"79"	""		"3.30092244"	"5.61423177"	"2"	"2"		""	"L11631"	
"536.16248"	"536.16249"	"339"	"1.8e+06"	E	"4.41527878"	"6.72707289"	"3"	"2"		"T2578n"	"L11631"	
"536.48709"	"536.48704"	"10000"	"5.59e+07"	C+	"4.44562726"	"6.75602283"	"2"	"3"		"T5720"	"L11631"	
"536.53987"	"536.53985"	"8700"	"2.46e+06"	B	"3.57321890"	"5.88338708"	"5"	"4"		"T5720"	"L11631"	
"536.7466"	"536.74654"	"14800bl"	"7.13e+07"	B	"4.41527878"	"6.72455738"	"3"	"4"		"T5720"	"L11631"	
"536.99615"	"536.99607"	"20400"	"7.22e+07"	B+	"4.37135106"	"6.67955657"	"4"	"5"		"T5720"	"L11631"	
"537.14893"	"537.14891"	"389000"	"1.05e+06"	A	"0.95815732"	"3.26570610"	"3"	"2"		"T3548"	"L11631"	
"537.37082"	"537.37083"	"1170"	"3.7e+06"	D	"4.47327202"	"6.77986785"	"3"	"4"		"T2578n"	"L11631"	
"537.6729"	"537.67259"	"209"	""		"4.98804995"	"7.2933513"	"2"	"2"		""	"L11631"	
"537.6833"	"537.68300"	"132"	"4.0e+05"	E	"4.29441489"	"6.59967157"	"2"	"1"		"T2578n"	"L11631"	
"537.8511"	"537.85098"	"100"	""		"5.34836675"	"7.6529034"	"3"	"4"		""	"L11631"	
"537.95737"	"537.95734"	"1860"	"6.41e+05"	B	"3.69459719"	"5.99867825"	"4"	"5"		"T5720"	"L11631"	
"538.33688"	"538.33680"	"30900"	"7.81e+07"	B+	"4.31247059"	"6.61492758"	"5"	"6"		"T5720"	"L11631"	
"538.5575"	"538.55785"	"100"	"3.1e+04"	E	"3.69459719"	"5.99610917"	"4"	"4"		"T2578n"	"L11631"	
"538.63337"	"538.63329"	"263"	"8.4e+05"	E	"4.15435379"	"6.45554341"	"3"	"2"		"T2578n"	"L11631"	
"538.6959"	"538.69601"	"79"	""		"3.64164057"	"5.94256226"	"3"	"4"		""	"L11631"	
"538.7480"	"538.74830"	"200"	"3.03e+05"	C+	"4.14264893"	"6.44334733"	"3"	"3"		"T6110"	"L11631"	
"538.94788"	"538.94783"	"2450"	""		"4.41527878"	"6.71512541"	"3"	"3"		""	"L11631"	
"539.1246"	"539.12489"	"191bl"	""		"3.57321890"	"5.87231021"	"5"	"6"		""	"L11631"	
"539.14582"	"539.14588"	"1170"	""		"4.15435379"	"6.45335558"	"3"	"2"		""	"L11631"	
"539.16222"	"539.16231"	"1070"	""		"3.63434980"	"5.93328155"	"6"	"6"		""	"L11631"	
"539.31673"	"539.31670"	"16600"	"4.91e+06"	B	"3.24096914"	"5.53924278"	"3"	"4"		"T5783"	"L11631"	
"539.5218"	"539.52169"	"129"	"5.4e+05"	E	"4.44562726"	"6.74302768"	"2"	"1"		"T2578n"	"L11631"	
"539.71276"	"539.71274"	"132000"	"2.58e+05"	A	"0.91460217"	"3.21118938"	"4"	"4"		"T3548"	"L11631"	
"539.72019"	"539.71982"	"129"	""		"4.44562726"	"6.74218434"	"2"	"3"		""	"L11631"	
"539.76175"	"539.76178"	"427"	""		"3.63434980"	"5.93072834"	"6"	"5"		""	"L11631"	
"539.82791"	"539.82786"	"1380"	"9.0e+06"	E	"4.44562726"	"6.74172473"	"2"	"2"		"T2578n"	"L11631"	
"539.8815"	"539.88121"	"120"	""		"5.00952178"	"7.3053924"	"1"	"2"		""	"L11631"	
"540.05018"	"540.05007"	"4680"	""		"4.37135106"	"6.66650376"	"4"	"4"		""	"L11631"	
"540.06555"	"540.06547"	"174"	""		"3.63521992"	"5.93030716"	"1"	"2"		""	"L11631"	
"540.12686"	"540.12660"	"151"	"2.2e+05"	E	"4.32010008"	"6.61492758"	"6"	"6"		"T2578n"	"L11631"	
"540.38212"	"540.38218"	"2090"	"1.92e+06"	C+	"4.07581091"	"6.36955305"	"4"	"5"		"T5720"	"L11631"	
"540.41168"	"540.41169"	"9500"	""		"4.31247059"	"6.60608750"	"5"	"5"		""	"L11631"	
"540.41513"	"540.41508"	"17000"	"6.92e+07"	B+	"4.43461275"	"6.72821528"	"4"	"5"		"T5720"	"L11631"	
"540.53496"	"540.53497"	"347"	"8.45e+05"	C	"4.38646275"	"6.67955657"	"5"	"5"		"T5720"	"L11631"	
"540.57749"	"540.57743"	"145000"	"1.09e+06"	A	"0.99011115"	"3.28302483"	"2"	"1"		"T3548"	"L11631"	
"540.67747"	"540.67742"	"355"	""		"4.37135106"	"6.66384071"	"4"	"3"		""	"L11631"	
"540.7375"	"540.73816"	"170bl"	""		"3.54652001"	"5.83875215"	"2"	"3"		""	"L11631"	
"540.91332"	"540.91327"	"500"	"1.1e+06"	D	"4.37135106"	"6.66284114"	"4"	"5"		"T2578n"	"L11631"	
"541.09095"	"541.09092"	"11200"	"6.33e+07"	B+	"4.47327202"	"6.76400977"	"3"	"4"		"T5720"	"L11631"	
"541.2785"	"541.27833"	"76"	"4.86e+05"	B	"4.43461275"	"6.72455738"	"4"	"4"		"T6110"	"L11631"	
"541.51989"	"541.51984"	"22400"	"7.67e+07"	B+	"4.38646275"	"6.67538611"	"5"	"6"		"T5720"	"L11631"	
"541.70328"	"541.70364"	"170"	"1.0e+06"	E	"4.41527878"	"6.70342551"	"3"	"2"		"T2578n"	"L11631"	
"542.3738"	"542.37383"	"191"	""		"3.69459719"	"5.97991659"	"4"	"5"		""	"L11631"	
"542.40678"	"542.40673"	"28800"	""		"4.32010008"	"6.60528086"	"6"	"7"		""	"L11631"	
"542.95041"	"542.95033"	"830"	"7.27e+06"	C+	"4.19086081"	"6.47375371"	"2"	"1"		"T6110"	"L11631"	
"542.96964"	"542.96962"	"145000"	"4.27e+05"	A	"0.95815732"	"3.24096914"	"3"	"3"		"T3548"	"L11631"	
"542.98391"	"542.98412"	"407"	""		"4.47327202"	"6.75602283"	"3"	"3"		""	"L11631"	
"543.29475"	"543.29476"	"830"	"4.3e+06"	D	"4.44562726"	"6.72707289"	"2"	"2"		"T2578n"	"L11631"	
"543.45235"	"543.45233"	"107000"	"1.70e+06"	A	"1.01105568"	"3.29183986"	"1"	"0"		"T3548"	"L11631"	
"543.62954"	"543.62946"	"269"	"7.7e+05"	E	"4.38646275"	"6.66650376"	"5"	"4"		"T2578n"	"L11631"	
"543.65958"	"543.65876"	"141"	"3.50e+04"	C	"2.27860466"	"4.55852281"	"2"	"3"		"T5720"	"L11631"	
"543.7192"	"543.71952"	"79"	""		"4.31247059"	"6.59213395"	"5"	"6"		""	"L11631"	
"544.13383"	"544.13387"	"170"	"5.0e+05"	E	"4.31247059"	"6.59039805"	"5"	"4"		"T2578n"	"L11631"	
"544.50421"	"544.50415"	"7100"	""		"4.38646275"	"6.66284114"	"5"	"5"		""	"L11631"	
"544.65826"	"544.65821"	"1510"	""		"4.41527878"	"6.69101333"	"3"	"2"		""	"L11631"	
"544.68743"	"544.68723"	"3890"	"2.50e+04"	B+	"1.60789577"	"3.88350907"	"2"	"3"		"T5720"	"L11631"	
"544.69164"	"544.69162"	"182000"	"5.48e+05"	B+	"0.99011115"	"3.26570610"	"2"	"2"		"T5720"	"L11631"	
"545.20879"	"545.20897"	"178"	""		"3.63977237"	"5.91320801"	"2"	"3"		""	"L11631"	
"545.54541"	"545.54535"	"9800"	""		"4.32010008"	"6.59213395"	"6"	"6"		""	"L11631"	
"545.56092"	"545.56089"	"115000"	"6.05e+05"	B+	"1.01105568"	"3.28302483"	"1"	"1"		"T5720"	"L11631"	
"546.0876"	"546.08724"	"89"	""		"3.07133880"	"5.34111814"	"1"	"1"		""	"L11631"	
"546.15495"	"546.15490"	"123"	"4.2e+05"	E	"4.44562726"	"6.71512541"	"2"	"3"		"T2578n"	"L11631"	
"546.29591"	"546.29592"	"3160"	""		"4.47327202"	"6.74218434"	"3"	"3"		""	"L11631"	
"546.32759"	"546.32750"	"5000"	"2.9e+07"	D+	"4.43461275"	"6.70339390"	"4"	"4"		"T2491n"	"L11631"	
"546.42792"	"546.42796"	"417"	"1.77e+06"	D+	"4.14264893"	"6.41101300"	"3"	"2"		"T5720"	"L11631"	
"546.63958"	"546.63953"	"1820"	""		"4.37135106"	"6.63883718"	"4"	"3"		""	"L11631"	
"546.69874"	"546.69869"	"437"	"1.45e+05"	D+	"3.57321890"	"5.84045966"	"5"	"4"		"T5720"	"L11631"	
"547.00936"	"547.00922"	"123"	"1.2e+06"	E	"4.44562726"	"6.71158094"	"2"	"1"		"T2578n"	"L11631"	
"547.27087"	"547.27085"	"275"	"2.37e+06"	B	"4.20888328"	"6.47375371"	"2"	"1"		"T6110"	"L11631"	
"547.3164"	"547.31624"	"115"	"3.5e+05"	E	"4.19086081"	"6.45554341"	"2"	"2"		"T2578n"	"L11631"	
"547.39001"	"547.39005"	"1910"	"5.2e+06"	D	"4.15435379"	"6.41873101"	"3"	"3"		"T2491n"	"L11631"	
"547.62882"	"547.62888"	"1910"	"2.87e+06"	B	"4.14264893"	"6.40603863"	"3"	"4"		"T5720"	"L11631"	
"547.65639"	"547.65642"	"5000"	"8.70e+06"	B	"4.10337372"	"6.36664959"	"4"	"4"		"T5720"	"L11631"	
"547.84552"	"547.84550"	"245"	"6.8e+05"	E	"4.19086081"	"6.45335558"	"2"	"2"		"T2578n"	"L11631"	
"548.08604"	"548.08602"	"620"	"1.3e+07"	D	"4.21758325"	"6.47908516"	"1"	"0"		"T2578n"	"L11631"	
"548.12427"	"548.12427"	"447"	"1.41e+06"	C+	"4.10337372"	"6.36471779"	"4"	"4"		"T5720"	"L11631"	
"548.14383"	"548.14381"	"355"	"2.8e+06"	E	"4.19086081"	"6.45212430"	"2"	"1"		"T2578n"	"L11631"	
"548.1899"	"548.18956"	"79"	""		"5.03306811"	"7.2941429"	"4"	"3"		""	"L11631"	
"548.2461"	"548.24599"	"30"	""		"4.99127081"	"7.2521129"	"5"	"5"		""	"L11631"	
"548.30985"	"548.30985"	"437"	"1.74e+06"	C+	"4.15435379"	"6.41493251"	"3"	"2"		"T5720"	"L11631"	
"548.71448"	"548.71454"	"245"	"9.9e+05"	E	"4.41527878"	"6.67419029"	"3"	"3"		"T2578n"	"L11631"	
"548.73948"	"548.73942"	"240"	""		"4.60695104"	"6.86576013"	"2"	"1"		""	"L11631"	
"548.7482"	"548.74810"	"71"	""		"3.64164057"	"5.90041395"	"3"	"4"		""	"L11631"	
"548.7521"	"548.75228"	"60"	""		"4.19086081"	"6.44961696"	"2"	"1"		""	"L11631"	
"548.77457"	"548.77445"	"2090"	""		"4.32010008"	"6.57876498"	"6"	"5"		""	"L11631"	
"549.18311"	"549.18342"	"191"	"2.05e+05"	C+	"4.18636440"	"6.44334733"	"2"	"3"		"T6110"	"L11631"	
"549.20782"	"549.20753"	"1620"	""		"4.07581091"	"6.33269478"	"4"	"4"		""	"L11631"	
"549.34985"	"549.34988"	"269"	"5.0e+05"	E	"4.10337372"	"6.35967275"	"4"	"3"		"T2578n"	"L11631"	
"549.4462"	"549.44629"	"195bl"	"1.8e+05"	E	"4.07581091"	"6.33171407"	"4"	"5"		"T2578n"	"L11631"	
"549.75157"	"549.75158"	"19100"	"6.25e+04"	A	"1.01105568"	"3.26570610"	"1"	"2"		"T3548"	"L11631"	
"549.8478"	"549.84821"	"50"	""		"5.10547240"	"7.3597266"	"1"	"1"		""	"L11631"	
"550.14649"	"550.14647"	"14500"	"2.20e+04"	B	"0.95815732"	"3.21118938"	"3"	"4"		"T5720"	"L11631"	
"550.4362"	"550.43614"	"20"	""		"3.57321890"	"5.82506529"	"5"	"6"		""	"L11631"	
"550.58813"	"550.58808"	"234"	""		"4.41527878"	"6.66650376"	"3"	"4"		""	"L11631"	
"550.67788"	"550.67785"	"22400"	"5.01e+04"	A	"0.99011115"	"3.24096914"	"2"	"3"		"T3548"	"L11631"	
"550.8408"	"550.84085"	"50"	""		"4.95563019"	"7.2058221"	"3"	"4"		""	"L11631"	
"551.22563"	"551.22576"	"229"	"9.9e+05"	E	"4.37135106"	"6.61997175"	"4"	"4"		"T2578n"	"L11631"	
"551.2402"	"551.24017"	"126"	""		"4.41527878"	"6.66384071"	"3"	"3"		""	"L11631"	
"551.7065"	"551.70680"	"60"	"2.0e+05"	E	"4.20888328"	"6.45554341"	"2"	"2"		"T2578n"	"L11631"	
"552.24461"	"552.24459"	"347"	"1.3e+06"	D	"4.20888328"	"6.45335558"	"2"	"2"		"T2578n"	"L11631"	
"552.3993"	"552.39908"	"79"	""		"5.10547240"	"7.3493170"	"1"	"2"		""	"L11631"	
"552.55439"	"552.55434"	"520"	"6.00e+06"	B	"4.23053960"	"6.47375371"	"0"	"1"		"T6110"	"L11631"	
"552.8899"	"552.88972"	"110"	""		"4.47327202"	"6.71512541"	"3"	"3"		""	"L11631"	
"552.91598"	"552.91608"	"204"	"5.1e+04"	E	"3.64164057"	"5.88338708"	"3"	"4"		"T2578n"	"L11631"	
"553.1984"	"553.19805"	"40"	"6.1e+05"	E	"4.91297355"	"7.15357742"	"4"	"4"		"T2578n"	"L11631"	
"553.27468"	"553.27462"	"275"	"1.9e+05"	E	"3.57321890"	"5.81351269"	"5"	"4"		"T2578n"	"L11631"	
"553.2868"	"553.28657"	"158bl"	""		"4.44562726"	"6.68587270"	"2"	"1"		""	"L11631"	
"553.46631"	"553.46591"	"110"	""		"3.63977237"	"5.87929188"	"2"	"2"		""	"L11631"	
"553.54175"	"553.54179"	"1260"	"2.16e+06"	C+	"4.18636440"	"6.42557692"	"2"	"3"		"T5720"	"L11631"	
"553.6580"	"553.65828"	"120"	"8.1e+03"	E	"2.83159117"	"5.07033256"	"2"	"2"		"T2578n"	"L11631"	
"553.8516"	"553.85150"	"257bl*"	""		"3.63434980"	"5.87231021"	"6"	"6"		""	"L11631"	
"553.8516"	"553.85156"	"257bl*"	""		"4.21758325"	"6.45554341"	"1"	"2"		""	"L11631"	
"553.92796"	"553.92800"	"151"	"1.1e+05"	E	"3.64164057"	"5.87929188"	"3"	"2"		"T2578n"	"L11631"	
"554.3029"	"554.30298"	"158"	""		"4.19086081"	"6.42699840"	"2"	"3"		""	"L11631"	
"554.31892"	"554.31887"	"910"	""		"4.91297355"	"7.1490470"	"4"	"5"		""	"L11631"	
"554.39353"	"554.39354"	"690"	"3.4e+06"	D	"4.21758325"	"6.45335558"	"1"	"2"		"T2578n"	"L11631"	
"554.65055"	"554.65052"	"417"	"1.0e+06"	D	"4.37135106"	"6.60608750"	"4"	"5"		"T2578n"	"L11631"	
"554.69920"	"554.69902"	"100"	"9.6e+05"	E	"4.21758325"	"6.45212430"	"1"	"1"		"T2578n"	"L11631"	
"554.9952"	"554.99487"	"110"	"3.3e+04"	E	"3.69459719"	"5.92794713"	"4"	"4"		"T2578n"	"L11631"	
"555.2693"	"555.26916"	"40"	"4.5e+05"	E	"4.95563019"	"7.1878769"	"3"	"2"		"T2578n"	"L11631"	
"555.35774"	"555.35765"	"229"	"9.9e+05"	E	"4.43461275"	"6.66650376"	"4"	"4"		"T2578n"	"L11631"	
"555.48947"	"555.48939"	"1740"	""		"4.54850612"	"6.77986785"	"4"	"4"		""	"L11631"	
"555.7902"	"555.78963"	"155bl*"	""		"3.11096179"	"5.34111814"	"0"	"1"		""	"L11631"	
"555.7902"	"555.79034"	"155bl*"	""		"4.47327202"	"6.70342551"	"3"	"2"		""	"L11631"	
"555.79818"	"555.79822"	"182"	"1.3e+06"	E	"4.47327202"	"6.70339390"	"3"	"4"		"T2578n"	"L11631"	
"556.02112"	"556.02110"	"417"	"2.1e+06"	D	"4.43461275"	"6.66384071"	"4"	"3"		"T2578n"	"L11631"	
"556.1242"	"556.12422"	"30"	""		"4.60695104"	"6.83576563"	"2"	"2"		""	"L11631"	
"556.27061"	"556.27052"	"560"	""		"4.43461275"	"6.66284114"	"4"	"5"		""	"L11631"	
"556.35999"	"556.35996"	"1120"	"3.4e+06"	D	"4.19086081"	"6.41873101"	"2"	"3"		"T2578n"	"L11631"	
"556.36946"	"556.36931"	"135"	""		"2.42419831"	"4.65203107"	"1"	"2"		""	"L11631"	
"556.57036"	"556.57037"	"1660"	""		"4.60759327"	"6.83462125"	"3"	"3"		""	"L11631"	
"556.7278"	"556.72739"	"85"	""		"4.41527878"	"6.64167865"	"3"	"2"		""	"L11631"	
"556.73907"	"556.73908"	"407"	"1.53e+05"	D	"2.60850194"	"4.83485507"	"2"	"1"		"T5720"	"L11631"	
"556.96177"	"556.96178"	"9800"	"2.34e+07"	B	"3.41695281"	"5.64241573"	"2"	"1"		"T6110"	"L11631"	
"557.28420"	"557.28421"	"17800"	"2.28e+07"	B	"3.39650880"	"5.62068415"	"3"	"2"		"T5783"	"L11631"	
"557.31021"	"557.31018"	"372"	"2.07e+06"	C+	"4.19086081"	"6.41493251"	"2"	"2"		"T5720"	"L11631"	
"557.60884"	"557.60891"	"5400"	"2.5e+07"	D	"3.43018998"	"5.65307019"	"1"	"0"		"T2578n"	"L11631"	
"558.47643"	"558.47644"	"200"	"1.3e+05"	E	"3.57321890"	"5.79264615"	"5"	"4"		"T2578n"	"L11631"	
"558.67555"	"558.67553"	"25700"	"2.19e+07"	B	"3.36825640"	"5.58689276"	"4"	"3"		"T5720"	"L11631"	
"558.75736"	"558.75740"	"263"	""		"4.14264893"	"6.36096020"	"3"	"4"		""	"L11631"	
"559.2234"	"559.22321"	"27"	""		"3.63521992"	"5.85168345"	"1"	"2"		""	"L11631"	
"559.46549"	"559.46550"	"457"	"5.20e+06"	B	"4.54850612"	"6.76400977"	"4"	"4"		"T5720"	"L11631"	
"560.0099"	"560.00971"	"40"	""		"5.06740926"	"7.28075992"	"2"	"2"		""	"L11631"	
"560.02238"	"560.02242"	"170"	"2.69e+06"	B	"4.26045326"	"6.47375371"	"1"	"1"		"T6110"	"L11631"	
"560.27670"	"560.27673"	"690"	"1.73e+06"	B	"4.15435379"	"6.36664959"	"3"	"4"		"T5720"	"L11631"	
"560.29447"	"560.29448"	"4570"	"1.00e+07"	B	"3.43018998"	"5.64241573"	"1"	"1"		"T6110"	"L11631"	
"560.3746"	"560.37419"	"51"	""		"3.63977237"	"5.85168345"	"2"	"2"		""	"L11631"	
"560.7663"	"560.76641"	"45"	""		"4.15435379"	"6.36471779"	"3"	"4"		""	"L11631"	
"560.8972"	"560.89742"	"79"	""		"4.20888328"	"6.41873101"	"2"	"3"		""	"L11631"	
"561.1360"	"561.13562"	"54"	""		"3.63521992"	"5.84412959"	"1"	"2"		""	"L11631"	
"561.1679"	"561.16715"	"49"	""		"5.07033256"	"7.2791181"	"2"	"3"		""	"L11631"	
"561.4271"	"561.42755"	"41"	""		"5.08559017"	"7.2933513"	"2"	"2"		""	"L11631"	
"561.52962"	"561.52963"	"680"	"2.39e+05"	C	"2.58810592"	"4.79546566"	"3"	"2"		"T5720"	"L11631"	
"561.56435"	"561.56436"	"37200"	"2.64e+07"	B	"3.33201954"	"5.53924278"	"5"	"4"		"T5783"	"L11631"	
"561.7136"	"561.71373"	"63"	""		"4.22036211"	"6.42699840"	"4"	"3"		""	"L11631"	
"561.86324"	"561.86321"	"355"	"2.24e+06"	C+	"4.20888328"	"6.41493251"	"2"	"2"		"T5720"	"L11631"	
"561.9225"	"561.92243"	"6"	""		"3.69459719"	"5.90041395"	"4"	"4"		""	"L11631"	
"561.95950"	"561.95951"	"105"	"3.5e+05"	E	"4.38646275"	"6.59213395"	"5"	"6"		"T2578n"	"L11631"	
"562.0027"	"562.00266"	"71"	""		"4.14264893"	"6.34815078"	"3"	"2"		""	"L11631"	
"562.0420"	"562.04184"	"22"	""		"5.07033256"	"7.2756807"	"2"	"3"		""	"L11631"	
"562.04920"	"562.04927"	"141"	"5.3e+05"	E	"4.15435379"	"6.35967275"	"3"	"3"		"T2578n"	"L11631"	
"562.2946"	"562.29449"	"24"	""		"3.63977237"	"5.84412959"	"2"	"2"		""	"L11631"	
"562.40216"	"562.40213"	"282"	"8.3e+05"	E	"4.38646275"	"6.59039805"	"5"	"4"		"T2578n"	"L11631"	
"562.45418"	"562.45418"	"5900"	"7.41e+06"	B	"3.41695281"	"5.62068415"	"2"	"2"		"T5783"	"L11631"	
"562.7086"	"562.70806"	"4"	""		"4.17769679"	"6.38043390"	"5"	"4"		""	"L11631"	
"562.7716"	"562.77144"	"11"	""		"3.64164057"	"5.84412959"	"3"	"2"		""	"L11631"	
"563.39461"	"563.39459"	"417"	"7.7e+06"	E	"4.99127081"	"7.19132379"	"5"	"6"		"T2578n"	"L11631"	
"563.58222"	"563.58220"	"158"	"5.8e+05"	E	"4.25622280"	"6.45554341"	"3"	"2"		"T2578n"	"L11631"	
"563.6211"	"563.62096"	"7"	""		"4.10337372"	"6.30254306"	"4"	"5"		""	"L11631"	
"563.6246"	"563.62424"	"7"	""		"4.21758325"	"6.41673983"	"1"	"1"		""	"L11631"	
"563.66958"	"563.66955"	"110"	"8.3e+04"	E	"3.63977237"	"5.83875215"	"2"	"3"		"T2578n"	"L11631"	
"563.71077"	"563.71074"	"93"	""		"3.64164057"	"5.84045966"	"3"	"4"		""	"L11631"	
"563.82618"	"563.82618"	"1000"	"4.4e+06"	D	"4.22036211"	"6.41873101"	"4"	"3"		"T2578n"	"L11631"	
"563.9344"	"563.93435"	"6"	""		"4.95563019"	"7.15357742"	"3"	"4"		""	"L11631"	
"564.0310"	"564.03066"	"34"	""		"4.63819369"	"6.83576563"	"1"	"2"		""	"L11631"	
"564.0876"	"564.08782"	"13"	""		"4.21758325"	"6.41493251"	"1"	"2"		""	"L11631"	
"564.14336"	"564.14340"	"457"	"3.0e+06"	D	"4.25622280"	"6.45335558"	"3"	"2"		"T2578n"	"L11631"	
"564.14909"	"564.14884"	"27"	""		"3.64164057"	"5.83875215"	"3"	"3"		""	"L11631"	
"564.27509"	"564.27504"	"26"	"3.3e+05"	E	"4.60759327"	"6.80421351"	"3"	"2"		"T2578n"	"L11631"	
"564.39258"	"564.39262"	"51"	"2.9e+05"	E	"4.07581091"	"6.27197352"	"4"	"3"		"T2578n"	"L11631"	
"564.40255"	"564.40250"	"55"	""		"4.55852281"	"6.75464698"	"3"	"4"		""	"L11631"	
"564.4357"	"564.43576"	"4"	""		"4.15435379"	"6.35034852"	"3"	"3"		""	"L11631"	
"564.58334"	"564.58325"	"29"	""		"4.60695104"	"6.80237209"	"2"	"3"		""	"L11631"	
"564.6684"	"564.66837"	"20"	""		"4.26045326"	"6.45554341"	"1"	"2"		""	"L11631"	
"564.7766"	"564.77715"	"4"	""		"2.27860466"	"4.47327202"	"2"	"3"		""	"L11631"	
"564.96303"	"564.96300"	"115"	"3.6e+04"	E	"3.63434980"	"5.82829520"	"6"	"5"		"T2578n"	"L11631"	
"564.99869"	"564.99867"	"110"	"5.1e+06"	E	"5.09954435"	"7.2933513"	"1"	"2"		"T2578n"	"L11631"	
"565.0705"	"565.07052"	"760bl"	"3.3e+06"	E	"5.08559017"	"7.2791181"	"2"	"3"		"T2578n"	"L11631"	
"565.14686"	"565.14683"	"55"	""		"4.47327202"	"6.66650376"	"3"	"4"		""	"L11631"	
"565.1524"	"565.15246"	"288"	""		"4.44562726"	"6.63883718"	"2"	"3"		""	"L11631"	
"565.23176"	"565.23173"	"107"	"5.0e+05"	E	"4.26045326"	"6.45335558"	"1"	"2"		"T2578n"	"L11631"	
"565.38664"	"565.38645"	"135"	"4.6e+05"	E	"4.38646275"	"6.57876498"	"5"	"5"		"T2578n"	"L11631"	
"565.51761"	"565.51761"	"155"	"4.7e+06"	E	"5.06378173"	"7.25557550"	"3"	"4"		"T2578n"	"L11631"	
"565.5490"	"565.54893"	"540bl*"	""		"5.03306811"	"7.2247405"	"4"	"5"		""	"L11631"	
"565.5490"	"565.54929"	"540bl*"	""		"4.26045326"	"6.45212430"	"1"	"1"		""	"L11631"	
"565.85313"	"565.85313"	"398"	"5.80e+05"	B	"3.43018998"	"5.62068415"	"1"	"2"		"T5783"	"L11631"	
"565.86575"	"565.86572"	"295"	"4.52e+06"	C+	"4.28330826"	"6.47375371"	"2"	"1"		"T6110"	"L11631"	
"565.88160"	"565.88161"	"5400"	"4.34e+06"	B	"3.39650880"	"5.58689276"	"3"	"3"		"T5720"	"L11631"	
"565.95743"	"565.95744"	"31"	""		"5.08559017"	"7.2756807"	"2"	"3"		""	"L11631"	
"566.08008"	"566.08008"	"41"	"4.4e+04"	E	"3.63977237"	"5.82938837"	"2"	"3"		"T2578n"	"L11631"	
"566.1021"	"566.10201"	"7"	""		"4.58004944"	"6.76958063"	"2"	"3"		""	"L11631"	
"566.13451"	"566.13445"	"58"	"1.22e+06"	B	"4.28434800"	"6.47375371"	"0"	"1"		"T6110"	"L11631"	
"566.1970"	"566.19704"	"10"	""		"4.26045326"	"6.44961696"	"1"	"1"		""	"L11631"	
"566.25158"	"566.25159"	"2090"	"6.18e+06"	B	"4.17769679"	"6.36664959"	"5"	"4"		"T5720"	"L11631"	
"566.29376"	"566.29374"	"347"	"2.45e+05"	C+	"3.69459719"	"5.88338708"	"4"	"4"		"T5720"	"L11631"	
"566.5633"	"566.56348"	"11"	""		"3.64164057"	"5.82938837"	"3"	"3"		""	"L11631"	
"566.6791"	"566.67874"	"4"	""		"4.15435379"	"6.34165661"	"3"	"2"		""	"L11631"	
"566.7460"	"566.74576"	"18bl"	""		"5.06378173"	"7.2508259"	"3"	"3"		""	"L11631"	
"566.75176"	"566.75177"	"178"	"6.12e+05"	C	"4.17769679"	"6.36471779"	"5"	"4"		"T5720"	"L11631"	
"566.7664"	"566.76661"	"2"	"4.8e+04"	E	"2.60850194"	"4.79546566"	"2"	"2"		"T2578n"	"L11631"	
"566.9647"	"566.96455"	"4"	""		"4.23053960"	"6.41673983"	"0"	"1"		""	"L11631"	
"567.1830"	"567.18280"	"4"	""		"4.43461275"	"6.61997175"	"4"	"4"		""	"L11631"	
"567.2264"	"567.22614"	"2"	""		"4.58438864"	"6.76958063"	"3"	"3"		""	"L11631"	
"567.3376"	"567.33784"	"2"	""		"3.69459719"	"5.87935896"	"4"	"5"		""	"L11631"	
"567.76844"	"567.76841"	"14"	""		"4.10337372"	"6.28647868"	"4"	"5"		""	"L11631"	
"567.83784"	"567.83788"	"13"	""		"3.88350907"	"6.06634697"	"3"	"2"		""	"L11631"	
"567.8601"	"567.86004"	"4"	""		"2.42419831"	"4.60695104"	"1"	"2"		""	"L11631"	
"567.90226"	"567.90233"	"389"	"3.7e+06"	D	"4.65203107"	"6.83462125"	"2"	"3"		"T2578n"	"L11631"	
"568.02400"	"568.02404"	"55"	"8.4e+04"	E	"4.18636440"	"6.36848691"	"2"	"3"		"T2578n"	"L11631"	
"568.15061"	"568.15058"	"34"	""		"4.18636440"	"6.36800089"	"2"	"3"		""	"L11631"	
"568.2498"	"568.24947"	"6"	""		"4.91297355"	"7.09423040"	"4"	"3"		""	"L11631"	
"568.4484"	"568.44844"	"4"	""		"5.07033256"	"7.2508259"	"2"	"3"		""	"L11631"	
"568.5863"	"568.58614"	"2"	""		"4.98804995"	"7.16801526"	"2"	"3"		""	"L11631"	
"568.61200"	"568.61201"	"10"	""		"3.63521992"	"5.81508605"	"1"	"1"		""	"L11631"	
"568.65298"	"568.65296"	"720"	"6.71e+06"	B+	"4.54850612"	"6.72821528"	"4"	"5"		"T5720"	"L11631"	
"569.14967"	"569.14964"	"182"	"6.7e+06"	E	"4.30127816"	"6.47908516"	"1"	"0"		"T2578n"	"L11631"	
"569.3318"	"569.33196"	"4"	""		"4.98804995"	"7.16515953"	"2"	"2"		""	"L11631"	
"569.36421"	""	"363"	""		""	""	""	""		""	"L11631"	
"569.60892"	"569.60886"	"30"	"4.35e+05"	C+	"4.54850612"	"6.72455738"	"4"	"4"		"T6110"	"L11631"	
"569.80196"	"569.80200"	"39"	"1.6e+05"	E	"3.63977237"	"5.81508605"	"2"	"1"		"T2578n"	"L11631"	
"569.83645"	"569.83643"	"36"	""		"4.29441489"	"6.46959714"	"2"	"1"		""	"L11631"	
"569.9410"	"569.94087"	"8"	""		"4.95563019"	"7.1304138"	"3"	"3"		""	"L11631"	
"570.15442"	"570.15436"	"1120"	"1.78e+05"	C+	"2.55917148"	"4.73314079"	"4"	"3"		"T4293"	"L11631"	
"570.1898"	"570.18978"	"4"	""		"4.17769679"	"6.35153108"	"5"	"5"		""	"L11631"	
"570.23475"	"570.23476"	"26"	"6.3e+04"	E	"3.63977237"	"5.81343520"	"2"	"2"		"T2578n"	"L11631"	
"570.2906"	"570.29071"	"8"	""		"4.91297355"	"7.08642312"	"4"	"4"		""	"L11631"	
"570.47333"	"570.47327"	"34"	""		"5.03306811"	"7.2058221"	"4"	"4"		""	"L11631"	
"570.54642"	"570.54640"	"182"	"3.01e+06"	B	"4.30127816"	"6.47375371"	"1"	"1"		"T6110"	"L11631"	
"570.59918"	"570.59918"	"780"	"6.1e+06"	D	"4.60759327"	"6.77986785"	"3"	"4"		"T2578n"	"L11631"	
"570.60957"	"570.60954"	"81"	""		"4.28330826"	"6.45554341"	"2"	"2"		""	"L11631"	
"570.70491"	"570.70492"	"87"	"1.0e+05"	E	"3.64164057"	"5.81351269"	"3"	"4"		"T2578n"	"L11631"	
"570.7248"	"570.72528"	"13"	""		"3.64164057"	"5.81343520"	"3"	"2"		""	"L11631"	
"570.7704"	"570.77041"	"3"	""		"4.10337372"	"6.27499663"	"4"	"3"		""	"L11631"	
"570.80942"	"570.80936"	"151"	"5.3e+05"	E	"4.43461275"	"6.60608750"	"4"	"5"		"T2578n"	"L11631"	
"570.93779"	"570.93776"	"3160"	"2.13e+06"	B	"3.36825640"	"5.53924278"	"4"	"4"		"T5783"	"L11631"	
"570.99319"	"570.99320"	"24"	""		"4.25622280"	"6.42699840"	"3"	"3"		""	"L11631"	
"571.18483"	"571.18483"	"219"	"1.5e+06"	E	"4.28330826"	"6.45335558"	"2"	"2"		"T2578n"	"L11631"	
"571.21312"	"571.21309"	"302"	"2.99e+05"	B	"3.41695281"	"5.58689276"	"2"	"3"		"T5783"	"L11631"	
"571.2888"	"571.28817"	"2"	""		"4.91297355"	"7.08262833"	"4"	"4"		""	"L11631"	
"571.41531"	""	"76"	""		""	""	""	""		""	"L11631"	
"571.45487"	"571.45504"	"9"	""		"5.08559017"	"7.2546114"	"2"	"2"		""	"L11631"	
"571.5098"	"571.50911"	"219bl*"	""		"4.28330826"	"6.45212430"	"2"	"1"		""	"L11631"	
"571.5098"	"571.51019"	"219bl*"	""		"4.19086081"	"6.35967275"	"2"	"3"		""	"L11631"	
"571.5469"	"571.54698"	"4"	""		"4.15435379"	"6.32302612"	"3"	"2"		""	"L11631"	
"571.6172"	"571.61701"	"2"	""		"4.47327202"	"6.64167865"	"3"	"2"		""	"L11631"	
"571.78325"	"571.78322"	"500"	"5.4e+06"	D	"4.28434800"	"6.45212430"	"0"	"1"		"T2578n"	"L11631"	
"572.08978"	"572.08857"	"43"	""		"4.54850612"	"6.71512541"	"4"	"3"		""	"L11631"	
"572.1707"	"572.17059"	"11bl*"	""		"4.28330826"	"6.44961696"	"2"	"1"		""	"L11631"	
"572.1707"	"572.17066"	"11bl*"	""		"4.15435379"	"6.32066224"	"3"	"4"		""	"L11631"	
"572.36720"	"572.36705"	"10"	""		"4.47327202"	"6.63883718"	"3"	"3"		""	"L11631"	
"572.44544"	"572.44534"	"10"	""		"4.28434800"	"6.44961696"	"0"	"1"		""	"L11631"	
"573.0857"	"573.08541"	"13bl"	""		"4.91297355"	"7.07582420"	"4"	"3"		""	"L11631"	
"573.17619"	"573.17616"	"347"	"1.6e+06"	D	"4.25622280"	"6.41873101"	"3"	"3"		"T2578n"	"L11631"	
"573.22956"	"573.22960"	"23"	""		"4.99127081"	"7.15357742"	"5"	"4"		""	"L11631"	
"573.2863"	"573.28624"	"5"	""		"4.10337372"	"6.26546671"	"4"	"3"		""	"L11631"	
"573.45648"	"573.45642"	"9"	""		"4.95563019"	"7.11708156"	"3"	"2"		""	"L11631"	
"573.5708"	"573.57055"	"10"	""		"4.91297355"	"7.07399482"	"4"	"3"		""	"L11631"	
"573.82273"	"573.82267"	"25"	""		"4.22036211"	"6.38043390"	"4"	"4"		""	"L11631"	
"573.9780"	"573.97788"	"2"	""		"4.19086081"	"6.35034852"	"2"	"3"		""	"L11631"	
"574.18480"	"574.18474"	"112"	"8.59e+05"	C	"4.25622280"	"6.41493251"	"3"	"2"		"T5720"	"L11631"	
"574.29596"	"574.29603"	"25"	"6.2e+04"	E	"4.17769679"	"6.33598817"	"5"	"5"		"T2578n"	"L11631"	
"574.3929"	"574.39324"	"7"	""		"5.06740926"	"7.2253354"	"2"	"3"		""	"L11631"	
"574.7453"	"574.74575"	"5"	""		"4.55852281"	"6.71512541"	"3"	"3"		""	"L11631"	
"574.78378"	"574.78356"	"8"	""		"4.43461275"	"6.59107351"	"4"	"3"		""	"L11631"	
"574.79538"	"574.79536"	"98"	"8.8e+05"	E	"4.60759327"	"6.76400977"	"3"	"4"		"T2578n"	"L11631"	
"574.9409"	"574.94157"	"4"	""		"3.63977237"	"5.79564049"	"2"	"3"		""	"L11631"	
"574.9636"	"574.96365"	"2"	""		"4.43461275"	"6.59039805"	"4"	"4"		""	"L11631"	
"575.0033"	"575.00301"	"5"	""		"5.00952178"	"7.16515953"	"1"	"2"		""	"L11631"	
"575.20316"	"575.20313"	"288"	""		"4.54850612"	"6.70339390"	"4"	"4"		""	"L11631"	
"575.31223"	"575.31220"	"1020"	"8.26e+06"	B	"4.26045326"	"6.41493251"	"1"	"2"		"T5720"	"L11631"	
"575.33832"	"575.33819"	"7"	""		"4.25622280"	"6.41060472"	"3"	"2"		""	"L11631"	
"575.36931"	"575.36935"	"9"	""		"4.30127816"	"6.45554341"	"1"	"2"		""	"L11631"	
"575.3969"	"575.39671"	"4"	""		"2.45343044"	"4.60759327"	"4"	"3"		""	"L11631"	
"575.44022"	"575.44023"	"35"	"6.5e+04"	E	"3.64164057"	"5.79564049"	"3"	"3"		"T2578n"	"L11631"	
"575.5132"	"575.51347"	"2"	""		"5.06378173"	"7.21750752"	"3"	"2"		""	"L11631"	
"575.5348"	"575.53467"	"4"	""		"3.63977237"	"5.79341882"	"2"	"2"		""	"L11631"	
"575.68141"	""	"56"	""		""	""	""	""		""	"L11631"	
"575.92618"	"575.92618"	"17"	""		"4.65203107"	"6.80421351"	"2"	"2"		""	"L11631"	
"575.95408"	"575.95428"	"31"	""		"4.30127816"	"6.45335558"	"1"	"2"		""	"L11631"	
"576.03442"	"576.03436"	"83"	"1.5e+05"	E	"3.64164057"	"5.79341882"	"3"	"2"		"T2578n"	"L11631"	
"576.0531"	"576.05325"	"5"	""		"4.15435379"	"6.30606149"	"3"	"3"		""	"L11631"	
"576.0693"	"576.06918"	"5bl*"	""		"3.23672008"	"5.38836827"	"6"	"5"		""	"L11631"	
"576.0693"	"576.06948"	"5bl*"	""		"4.15435379"	"6.30600086"	"3"	"2"		""	"L11631"	
"576.1082"	"576.10806"	"2"	""		"4.21758325"	"6.36908625"	"1"	"2"		""	"L11631"	
"576.12555"	"576.12559"	"10"	""		"3.63521992"	"5.7866575"	"1"	"0"		""	"L11631"	
"576.22311"	"576.22298"	"6"	""		"5.00952178"	"7.1605957"	"1"	"1"		""	"L11631"	
"576.24131"	"576.24128"	"100"	"1.3e+05"	E	"3.64164057"	"5.79264615"	"3"	"4"		"T2578n"	"L11631"	
"576.2605"	"576.26075"	"2"	""		"4.58004944"	"6.73098236"	"2"	"3"		""	"L11631"	
"576.28380"	"576.28400"	"60"	""		"4.30127816"	"6.45212430"	"1"	"1"		""	"L11631"	
"576.29918"	"576.29918"	"2040"	"9.6e+06"	D	"4.20888328"	"6.35967275"	"2"	"3"		"T2491n"	"L11631"	
"576.7972"	"576.79721"	"2"	""		"4.29441489"	"6.44334733"	"2"	"3"		""	"L11631"	
"576.93225"	"576.93222"	"13"	""		"4.60759327"	"6.75602283"	"3"	"3"		""	"L11631"	
"576.9569"	"576.95659"	"1"	""		"4.30127816"	"6.44961696"	"1"	"1"		""	"L11631"	
"576.9672"	"576.96741"	"2"	""		"4.10337372"	"6.25167222"	"4"	"4"		""	"L11631"	
"577.0156"	"577.01550"	"3"	""		"4.58438864"	"6.73250811"	"3"	"4"		""	"L11631"	
"577.34500"	"577.34493"	"6"	""		"3.57321890"	"5.72011266"	"5"	"5"		""	"L11631"	
"577.47046"	"577.47016"	"10"	""		"4.07581091"	"6.22223912"	"4"	"4"		""	"L11631"	
"577.50802"	"577.50802"	"331"	"1.12e+06"	C+	"4.22036211"	"6.36664959"	"4"	"4"		"T5720"	"L11631"	
"577.5630"	"577.56291"	"5bl"	""		"4.96581946"	"7.11190298"	"2"	"3"		""	"L11631"	
"577.62240"	"577.62241"	"7"	""		"3.69459719"	"5.84045966"	"4"	"4"		""	"L11631"	
"577.8453"	"577.84524"	"58bl*"	""		"4.15435379"	"6.29938878"	"3"	"4"		""	"L11631"	
"577.8453"	"577.84527"	"58bl*"	"1.06e+04"	C	"2.58810592"	"4.73314079"	"3"	"3"		"T6110"	"L11631"	
"577.8809"	"577.88088"	"2"	""		"4.55852281"	"6.70342551"	"3"	"2"		""	"L11631"	
"577.9688"	"577.96878"	"4"	""		"4.98804995"	"7.13262645"	"2"	"2"		""	"L11631"	
"578.02825"	"578.02829"	"13"	""		"4.22036211"	"6.36471779"	"4"	"4"		""	"L11631"	
"578.05997"	"578.05994"	"112"	"7.6e+04"	E	"3.24096914"	"5.38520741"	"3"	"3"		"T2578n"	"L11631"	
"578.08040"	"578.08037"	"54"	""		"3.26570610"	"5.40986861"	"2"	"2"		""	"L11631"	
"578.1494"	"578.14910"	"2"	""		"4.60695104"	"6.75085864"	"2"	"1"		""	"L11631"	
"578.21093"	"578.21110"	"36"	""		"5.06378173"	"7.2074595"	"3"	"3"		""	"L11631"	
"578.38943"	"578.38933"	"22"	""		"3.28302483"	"5.42604198"	"1"	"1"		""	"L11631"	
"578.4034"	"578.40329"	"2"	""		"4.17769679"	"6.32066224"	"5"	"4"		""	"L11631"	
"578.46580"	"578.46577"	"95"	"6.50e+04"	C+	"3.39650880"	"5.53924278"	"3"	"4"		"T5783"	"L11631"	
"578.5171"	"578.51676"	"1"	""		"3.63521992"	"5.77776507"	"1"	"1"		""	"L11631"	
"578.5520"	"578.55184"	"2"	""		"5.30848946"	"7.4509047"	"5"	"4"		""	"L11631"	
"578.56577"	"578.56570"	"14"	""		"4.98804995"	"7.1304138"	"2"	"3"		""	"L11631"	
"578.6991"	"578.69897"	"3"	""		"4.25622280"	"6.39809335"	"3"	"3"		""	"L11631"	
"578.7962"	"578.79670"	"3bl"	""		"4.17769679"	"6.31920567"	"5"	"6"		""	"L11631"	
"579.0406"	"579.04079"	"14"	""		"5.08559017"	"7.2261963"	"2"	"1"		""	"L11631"	
"579.10176"	"579.10170"	"162"	"1.29e+05"	D+	"3.21118938"	"5.35157038"	"4"	"4"		"T5720"	"L11631"	
"579.11937"	"579.11921"	"5"	""		"5.02027939"	"7.1605957"	"0"	"1"		""	"L11631"	
"579.15235"	"579.15236"	"19"	""		"4.58438864"	"6.72458242"	"3"	"4"		""	"L11631"	
"579.1851"	"579.18558"	"2"	""		"5.06740926"	"7.20748030"	"2"	"2"		""	"L11631"	
"579.3678"	"579.36787"	"2"	""		"4.59311043"	"6.73250811"	"4"	"4"		""	"L11631"	
"579.39144"	"579.39144"	"110"	"6.1e+05"	E	"4.22036211"	"6.35967275"	"4"	"3"		"T2578n"	"L11631"	
"579.6430"	"579.64309"	"2"	""		"4.60695104"	"6.74533292"	"2"	"3"		""	"L11631"	
"579.6659"	"579.66588"	"3"	""		"4.19086081"	"6.32915863"	"2"	"1"		""	"L11631"	
"579.81710"	"579.81710"	"170"	"5.7e+05"	E	"3.92860683"	"6.06634697"	"2"	"2"		"T2578n"	"L11631"	
"580.12685"	"580.12705"	"4"	""		"5.09954435"	"7.2361423"	"1"	"1"		""	"L11631"	
"580.40346"	"580.40340"	"89"	"1.6e+05"	E	"3.88160368"	"6.01718438"	"4"	"3"		"T2578n"	"L11631"	
"580.44623"	"580.44633"	"25"	"2.8e+05"	E	"4.28330826"	"6.41873101"	"2"	"3"		"T2578n"	"L11631"	
"580.57567"	"580.57564"	"15"	""		"5.03306811"	"7.16801526"	"4"	"3"		""	"L11631"	
"580.6626"	"580.66268"	"4"	""		"4.91297355"	"7.04760069"	"4"	"5"		""	"L11631"	
"580.67245"	"580.67249"	"204"	"2.7e+06"	D	"4.60759327"	"6.74218434"	"3"	"3"		"T2578n"	"L11631"	
"580.77834"	"580.77831"	"13"	""		"3.29183986"	"5.42604198"	"0"	"1"		""	"L11631"	
"580.79751"	"580.79755"	"6"	""		"4.60759327"	"6.74172473"	"3"	"2"		""	"L11631"	
"580.91549"	"580.91553"	"19"	""		"3.69459719"	"5.82829520"	"4"	"5"		""	"L11631"	
"580.92177"	"580.92171"	"219"	"4.5e+05"	E	"3.88350907"	"6.01718438"	"3"	"3"		"T2578n"	"L11631"	
"580.9882"	"580.98808"	"2"	""		"4.28330826"	"6.41673983"	"2"	"1"		""	"L11631"	
"580.99709"	"580.99717"	"5"	""		"3.57321890"	"5.70661711"	"5"	"6"		""	"L11631"	
"581.19141"	"581.19142"	"56"	""		"4.14264893"	"6.27533411"	"3"	"4"		""	"L11631"	
"581.2445"	"581.24447"	"3"	""		"4.55852281"	"6.69101333"	"3"	"2"		""	"L11631"	
"581.3330"	"581.33312"	"1"	""		"4.19086081"	"6.32302612"	"2"	"2"		""	"L11631"	
"581.40077"	"581.40074"	"6"	""		"5.08559017"	"7.21750752"	"2"	"2"		""	"L11631"	
"581.48071"	"581.48069"	"63"	"4.6e+05"	E	"4.28330826"	"6.41493251"	"2"	"2"		"T2578n"	"L11631"	
"581.5217"	"581.52168"	"20bl*"	"1.0e+05"	E	"4.15435379"	"6.28582776"	"3"	"2"		"T2578n"	"L11631"	
"581.5217"	"581.52222"	"20bl*"	""		"4.59311043"	"6.72458242"	"4"	"4"		""	"L11631"	
"581.5514"	"581.55131"	"1"	""		"4.29441489"	"6.42578026"	"2"	"2"		""	"L11631"	
"581.5628"	"581.56255"	"4"	""		"4.95563019"	"7.08695439"	"3"	"3"		""	"L11631"	
"581.60605"	"581.60680"	"26"	""		"4.29441489"	"6.42557692"	"2"	"3"		""	"L11631"	
"581.63732"	"581.63725"	"447"	"4.49e+06"	B	"4.54850612"	"6.67955657"	"4"	"5"		"T5720"	"L11631"	
"581.70761"	"581.70755"	"18"	""		"4.95563019"	"7.08642312"	"3"	"4"		""	"L11631"	
"581.9280"	"581.92781"	"1"	""		"4.22036211"	"6.35034852"	"4"	"3"		""	"L11631"	
"582.1889"	"582.18879"	"7"	""		"4.98804995"	"7.11708156"	"2"	"2"		""	"L11631"	
"582.6638"	"582.66367"	"4"	""		"4.28330826"	"6.41060472"	"2"	"2"		""	"L11631"	
"582.7454"	"582.74538"	"6"	""		"4.95563019"	"7.08262833"	"3"	"4"		""	"L11631"	
"582.78767"	"582.78768"	"21"	""		"3.28302483"	"5.40986861"	"1"	"2"		""	"L11631"	
"582.84041"	"582.84024"	"55"	""		"5.09954435"	"7.2261963"	"1"	"1"		""	"L11631"	
"583.3359"	"583.33555"	"1"	""		"4.17769679"	"6.30254306"	"5"	"5"		""	"L11631"	
"583.39263"	"583.39250"	"14"	""		"2.60850194"	"4.73314079"	"2"	"3"		""	"L11631"	
"583.40294"	"583.40251"	"28"	""		"4.91297355"	"7.03757595"	"4"	"5"		""	"L11631"	
"583.51004"	"583.50997"	"28"	""		"4.25622280"	"6.38043390"	"3"	"4"		""	"L11631"	
"583.54175"	"583.54182"	"7"	""		"5.06378173"	"7.1878769"	"3"	"2"		""	"L11631"	
"583.5496"	"583.54921"	"12bl"	""		"4.25622280"	"6.38029108"	"3"	"3"		""	"L11631"	
"583.55731"	"583.55725"	"5"	""		"2.83159117"	"4.95563019"	"2"	"3"		""	"L11631"	
"583.6755"	"583.6759"	"1"	""		"5.06740926"	"7.1910167"	"2"	"2"		""	"L11631"	
"583.77009"	"583.77009"	"42"	""		"4.29441489"	"6.41767950"	"2"	"2"		""	"L11631"	
"583.81410"	"583.81407"	"7"	""		"5.00952178"	"7.13262645"	"1"	"2"		""	"L11631"	
"583.83714"	"583.83715"	"44"	"2.0e+05"	E	"3.94332623"	"6.06634697"	"3"	"2"		"T2578n"	"L11631"	
"584.11341"	""	"59"	""		""	""	""	""		""	"L11631"	
"584.2027"	"584.20279"	"1"	""		"4.17769679"	"6.29938878"	"5"	"4"		""	"L11631"	
"584.3152"	"584.31438"	"1"	""		"4.22036211"	"6.34164892"	"4"	"3"		""	"L11631"	
"584.3226"	"584.32295"	"1"	""		"3.26711257"	"5.38836827"	"5"	"5"		""	"L11631"	
"584.49185"	"584.49182"	"5"	""		"4.15435379"	"6.27499663"	"3"	"3"		""	"L11631"	
"584.52865"	"584.52862"	"8"	""		"5.03306811"	"7.15357742"	"4"	"4"		""	"L11631"	
"584.5962"	"584.59606"	"5"	""		"4.91297355"	"7.03323823"	"4"	"3"		""	"L11631"	
"584.80661"	"584.80662"	"25"	""		"3.26570610"	"5.38520741"	"2"	"3"		""	"L11631"	
"584.81291"	"584.81260"	"79"	""		"4.60759327"	"6.72707289"	"3"	"2"		""	"L11631"	
"584.91846"	"584.91837"	"10"	""		"3.26711257"	"5.3862090"	"5"	"4"		""	"L11631"	
"584.96837"	"584.96830"	"19"	""		"3.69459719"	"5.81351269"	"4"	"4"		""	"L11631"	
"585.0090"	"585.00921"	"2"	""		"4.98804995"	"7.1068173"	"2"	"1"		""	"L11631"	
"585.12048"	"585.12042"	"5"	""		"4.95563019"	"7.07399482"	"3"	"3"		""	"L11631"	
"585.22184"	"585.22181"	"129"	"1.1e+06"	E	"4.54850612"	"6.66650376"	"4"	"4"		"T2578n"	"L11631"	
"585.31479"	"585.31493"	"41"	""		"1.48486439"	"3.60252504"	"4"	"3"		""	"L11631"	
"585.36822"	"585.36823"	"8"	""		"4.19086081"	"6.30832866"	"2"	"1"		""	"L11631"	
"585.4630"	"585.46274"	"2"	""		"4.47327202"	"6.59039805"	"3"	"4"		""	"L11631"	
"585.50762"	"585.50752"	"76"	"7.19e+05"	B	"4.60759327"	"6.72455738"	"3"	"4"		"T6110"	"L11631"	
"585.60876"	"585.60877"	"115"	"1.83e+06"	C	"4.29441489"	"6.41101300"	"2"	"2"		"T5720"	"L11631"	
"585.82650"	"585.82651"	"6"	""		"2.43269470"	"4.54850612"	"5"	"4"		""	"L11631"	
"585.87776"	"585.87783"	"25"	""		"4.22036211"	"6.33598817"	"4"	"5"		""	"L11631"	
"585.92339"	"585.92336"	"7"	""		"4.30127816"	"6.41673983"	"1"	"1"		""	"L11631"	
"585.95863"	"585.95857"	"540"	""		"4.54850612"	"6.66384071"	"4"	"3"		""	"L11631"	
"585.9954"	"585.99566"	"2"	""		"4.19086081"	"6.30606149"	"2"	"3"		""	"L11631"	
"586.11092"	"586.11082"	"16"	""		"4.28330826"	"6.39809335"	"2"	"3"		""	"L11631"	
"586.23561"	"586.23558"	"890"	""		"4.54850612"	"6.66284114"	"4"	"5"		""	"L11631"	
"586.42440"	"586.42437"	"14"	""		"4.30127816"	"6.41493251"	"1"	"2"		""	"L11631"	
"586.4396"	"586.43920"	"2"	""		"4.91297355"	"7.02657446"	"4"	"4"		""	"L11631"	
"586.62330"	"586.62323"	"4"	""		"4.58438864"	"6.69732648"	"3"	"4"		""	"L11631"	
"586.6445"	"586.64389"	"1"	""		"4.25622280"	"6.36908625"	"3"	"2"		""	"L11631"	
"586.6990"	"586.69901"	"2"	""		"4.63819369"	"6.75085864"	"1"	"1"		""	"L11631"	
"587.13033"	"587.13034"	"7"	""		"4.15435379"	"6.26546671"	"3"	"3"		""	"L11631"	
"587.2726"	"587.27268"	"1"	""		"3.24096914"	"5.35157038"	"3"	"4"		""	"L11631"	
"587.32125"	"587.32122"	"37"	""		"4.25622280"	"6.36664959"	"3"	"4"		""	"L11631"	
"587.6133"	"587.61366"	"1"	""		"3.57321890"	"5.68259542"	"5"	"4"		""	"L11631"	
"587.62778"	"587.62758"	"10"	""		"4.30127816"	"6.41060472"	"1"	"2"		""	"L11631"	
"587.7788"	"587.77935"	"105bl"	""		"4.17769679"	"6.28647868"	"5"	"5"		""	"L11631"	
"587.9487"	"587.94846"	"18bl*"	""		"4.96581946"	"7.07399482"	"2"	"3"		""	"L11631"	
"587.9487"	"587.94874"	"18bl*"	"2.1e+05"	E	"4.60695104"	"6.71512541"	"2"	"3"		"T2578n"	"L11631"	
"588.00268"	"588.00268"	"23"	""		"4.55852281"	"6.66650376"	"3"	"4"		""	"L11631"	
"588.12797"	"588.12791"	"28"	""		"4.60759327"	"6.71512541"	"3"	"3"		""	"L11631"	
"588.1751"	"588.17507"	"1"	""		"2.17594512"	"4.28330826"	"3"	"2"		""	"L11631"	
"588.3075"	"588.30732"	"2"	""		"4.29441489"	"6.40130429"	"2"	"2"		""	"L11631"	
"588.38166"	"588.38163"	"520"	"1.9e+06"	D	"3.95972364"	"6.06634697"	"1"	"2"		"T2578n"	"L11631"	
"588.6816"	"588.68150"	"2"	""		"4.98804995"	"7.09360019"	"2"	"1"		""	"L11631"	
"588.74643"	"588.74647"	"6"	""		"4.55852281"	"6.66384071"	"3"	"3"		""	"L11631"	
"588.8817"	"588.88182"	"2"	""		"4.63819369"	"6.74302768"	"1"	"1"		""	"L11631"	
"588.9389"	"588.93892"	"2"	""		"4.60695104"	"6.71158094"	"2"	"1"		""	"L11631"	
"589.0496"	"589.04986"	"2"	""		"5.06378173"	"7.16801526"	"3"	"3"		""	"L11631"	
"589.11755"	"589.11755"	"35"	""		"4.65203107"	"6.75602283"	"2"	"3"		""	"L11631"	
"589.18782"	"589.18769"	"17"	""		"4.59311043"	"6.69685175"	"4"	"5"		""	"L11631"	
"589.24648"	"589.24659"	"7"	""		"4.63819369"	"6.74172473"	"1"	"2"		""	"L11631"	
"589.26933"	"589.26930"	"40"	""		"4.25622280"	"6.35967275"	"3"	"3"		""	"L11631"	
"589.2801"	"589.28000"	"1"	""		"2.19786640"	"4.30127816"	"2"	"1"		""	"L11631"	
"589.32345"	"589.32346"	"4"	""		"4.21758325"	"6.32083991"	"1"	"0"		""	"L11631"	
"589.5017"	"589.50155"	"1"	""		"4.59311043"	"6.69573167"	"4"	"3"		""	"L11631"	
"589.51629"	"589.51626"	"4"	""		"3.54652001"	"5.64908881"	"2"	"3"		""	"L11631"	
"589.6743"	"589.67357"	"1bl"	""		"5.10547240"	"7.20748030"	"1"	"2"		""	"L11631"	
"589.7752"	"589.77448"	"1"	""		"4.58004944"	"6.68169765"	"2"	"3"		""	"L11631"	
"589.82149"	"589.82156"	"23"	""		"4.73314079"	"6.83462125"	"3"	"3"		""	"L11631"	
"589.8510"	"589.85000"	"1bl*"	""		"4.98504395"	"7.08642312"	"3"	"4"		""	"L11631"	
"589.8510"	"589.85038"	"1bl*"	""		"5.06378173"	"7.16515953"	"3"	"2"		""	"L11631"	
"589.90631"	"589.90610"	"4"	""		"3.54652001"	"5.64769932"	"2"	"1"		""	"L11631"	
"590.15310"	"590.15304"	"14"	""		"4.22036211"	"6.32066224"	"4"	"4"		""	"L11631"	
"590.1742"	"590.17516"	"2"	""		"5.01168158"	"7.11190298"	"4"	"3"		""	"L11631"	
"590.24732"	"590.24725"	"40"	""		"4.59311043"	"6.6930753"	"4"	"5"		""	"L11631"	
"590.56716"	"590.56710"	"288"	"1.1e+07"	D	"4.65203107"	"6.75085864"	"2"	"1"		"T2578n"	"L11631"	
"590.6255"	"590.62578"	"1"	""		"4.23053960"	"6.32915863"	"0"	"1"		""	"L11631"	
"590.68427"	"590.68420"	"24"	""		"4.91297355"	"7.01138503"	"4"	"5"		""	"L11631"	
"590.78630"	"590.78627"	"16"	""		"3.69459719"	"5.79264615"	"4"	"4"		""	"L11631"	
"590.9844"	"590.98436"	"2"	""		"5.03306811"	"7.1304138"	"4"	"3"		""	"L11631"	
"590.99732"	"590.99722"	"71"	"4.49e+04"	C+	"3.21118938"	"5.30848946"	"4"	"5"		"T6110"	"L11631"	
"591.41117"	"591.41114"	"550"	""		"4.60759327"	"6.70342551"	"3"	"2"		""	"L11631"	
"591.42009"	"591.42006"	"740"	""		"4.60759327"	"6.70339390"	"3"	"4"		""	"L11631"	
"591.6040"	"591.60306"	"2"	""		"4.99127081"	"7.08642312"	"5"	"4"		""	"L11631"	
"591.62470"	"591.62470"	"309"	"2.15e+04"	B	"2.45343044"	"4.54850612"	"4"	"4"		"T4187"	"L11631"	
"591.6550"	"591.65541"	"1"	""		"4.19086081"	"6.28582776"	"2"	"2"		""	"L11631"	
"591.8932"	"591.89308"	"4"	""		"4.25622280"	"6.35034852"	"3"	"3"		""	"L11631"	
"592.0503"	"592.04991"	"2"	""		"3.23672008"	"5.33029109"	"6"	"5"		""	"L11631"	
"592.3515"	"592.35157"	"2"	""		"4.98504395"	"7.07754882"	"3"	"3"		""	"L11631"	
"592.3749"	"592.37487"	"3"	""		"4.58438864"	"6.67681119"	"3"	"4"		""	"L11631"	
"592.6823"	"592.68252"	"1"	""		"4.58004944"	"6.67138589"	"2"	"1"		""	"L11631"	
"592.77887"	"592.77884"	"129"	"5.4e+06"	E	"4.65203107"	"6.74302768"	"2"	"1"		"T2578n"	"L11631"	
"592.96768"	"592.96758"	"123"	"1.1e+06"	E	"4.54850612"	"6.63883718"	"4"	"3"		"T2578n"	"L11631"	
"593.01795"	"593.01802"	"1070"	""		"4.65203107"	"6.74218434"	"2"	"3"		""	"L11631"	
"593.1890"	"593.18921"	"3"	""		"4.07581091"	"6.16536100"	"4"	"4"		""	"L11631"	
"593.3800"	"593.37972"	"8"	""		"4.63819369"	"6.72707289"	"1"	"2"		""	"L11631"	
"593.46546"	"593.46542"	"740"	"2.0e+06"	D	"3.92860683"	"6.01718438"	"2"	"3"		"T2578n"	"L11631"	
"593.5129"	"593.51313"	"2"	""		"4.58004944"	"6.66845912"	"2"	"3"		""	"L11631"	
"593.6937"	"593.69377"	"1"	""		"4.98804995"	"7.07582420"	"2"	"3"		""	"L11631"	
"593.9240"	"593.92384"	"1"	""		"3.30140276"	"5.38836827"	"4"	"5"		""	"L11631"	
"594.0452"	"594.04556"	"1"	""		"5.02027939"	"7.1068173"	"0"	"1"		""	"L11631"	
"594.09911"	"594.09908"	"38"	""		"4.17769679"	"6.26404671"	"5"	"6"		""	"L11631"	
"594.31003"	"594.31011"	"17"	""		"4.18636440"	"6.27197352"	"2"	"3"		""	"L11631"	
"594.35780"	"594.35777"	"10"	""		"2.19786640"	"4.28330826"	"2"	"2"		""	"L11631"	
"594.3624"	"594.36226"	"4bl"	""		"4.25622280"	"6.34164892"	"3"	"3"		""	"L11631"	
"594.5390"	"594.53900"	"1"	""		"3.30140276"	"5.3862090"	"4"	"4"		""	"L11631"	
"594.75111"	"594.75122"	"14"	""		"4.60695104"	"6.69101333"	"2"	"2"		""	"L11631"	
"594.9279"	"594.92811"	"59bl"	""		"0.91460217"	"2.99804479"	"4"	"3"		""	"L11631"	
"594.93466"	"594.93456"	"81"	""		"4.60759327"	"6.69101333"	"3"	"2"		""	"L11631"	
"595.14532"	"595.14575"	"15"	""		"3.23672008"	"5.31940082"	"6"	"6"		""	"L11631"	
"595.27180"	"595.27177"	"347"	"1.5e+06"	D	"3.98410712"	"6.06634697"	"2"	"2"		"T2578n"	"L11631"	
"595.2885"	"595.28860"	"2"	""		"4.22036211"	"6.30254306"	"4"	"5"		""	"L11631"	
"595.3597"	"595.35968"	"1"	""		"4.59311043"	"6.67504280"	"4"	"3"		""	"L11631"	
"595.6460"	"595.64616"	"1"	""		"4.28330826"	"6.36423934"	"2"	"2"		""	"L11631"	
"595.66940"	"595.66934"	"407"	"5.15e+02"	B+	"0.85899575"	"2.93984587"	"5"	"4"		"T4920"	"L11631"	
"595.7864"	"595.78638"	"2"	""		"4.17769679"	"6.25813812"	"5"	"4"		""	"L11631"	
"595.8228"	"595.82274"	"16bl*"	""		"4.55852281"	"6.63883718"	"3"	"3"		""	"L11631"	
"595.8228"	"595.82309"	"16bl*"	""		"0.95815732"	"3.03847046"	"3"	"2"		""	"L11631"	
"595.83328"	"595.83325"	"14"	""		"2.17594512"	"4.25622280"	"3"	"3"		""	"L11631"	
"595.99142"	"595.99146"	"7"	""		"4.14264893"	"6.22237439"	"3"	"2"		""	"L11631"	
"596.0361"	"596.03620"	"1"	""		"5.08559017"	"7.16515953"	"2"	"2"		""	"L11631"	
"596.1524"	"596.15239"	"1"	""		"5.06740926"	"7.14657331"	"2"	"3"		""	"L11631"	
"596.1918"	"596.19178"	"2"	""		"4.22036211"	"6.29938878"	"4"	"4"		""	"L11631"	
"596.2219"	"596.22190"	"1"	""		"4.60695104"	"6.68587270"	"2"	"1"		""	"L11631"	
"596.3065"	"596.30543"	"2"	""		"3.64164057"	"5.72027099"	"3"	"3"		""	"L11631"	
"596.32382"	"596.32389"	"3"	""		"2.22271209"	"4.30127816"	"1"	"1"		""	"L11631"	
"596.5471"	"596.54690"	"2"	""		"4.23053960"	"6.30832866"	"0"	"1"		""	"L11631"	
"596.5694"	"596.56904"	"2"	""		"3.26711257"	"5.34482452"	"5"	"4"		""	"L11631"	
"596.59905"	"596.59887"	"5"	""		"4.95563019"	"7.03323823"	"3"	"3"		""	"L11631"	
"596.6980"	"596.69812"	"2"	""		"4.07581091"	"6.15307342"	"4"	"4"		""	"L11631"	
"596.95618"	"596.95619"	"7"	""		"4.28330826"	"6.35967275"	"2"	"3"		""	"L11631"	
"597.3470"	"597.34716"	"2"	""		"5.08559017"	"7.1605957"	"2"	"1"		""	"L11631"	
"597.5346"	"597.53471"	"257bl*"	""		"4.07581091"	"6.15016512"	"4"	"5"		""	"L11631"	
"597.5346"	"597.535"	"257bl*"	""		"4.83485507"	"6.909208?"	"1"	"0"		""	"L11631"	
"597.61600"	"597.61601"	"4"	""		"4.29441489"	"6.36848691"	"2"	"3"		""	"L11631"	
"597.64387"	"597.64384"	"7"	""		"4.17769679"	"6.25167222"	"5"	"4"		""	"L11631"	
"597.67767"	"597.67764"	"490"	""		"3.94332623"	"6.01718438"	"3"	"3"		""	"L11631"	
"597.8323"	"597.83254"	"2"	""		"5.02027939"	"7.09360019"	"0"	"1"		""	"L11631"	
"597.8894"	"597.88914"	"2"	""		"4.98804995"	"7.06117448"	"2"	"2"		""	"L11631"	
"598.13647"	"598.13647"	"4"	""		"3.63434980"	"5.70661711"	"6"	"6"		""	"L11631"	
"598.1754"	"598.17494"	"9bl"	""		"5.03306811"	"7.10520213"	"4"	"4"		""	"L11631"	
"598.2312"	"598.23100"	"4"	""		"4.91297355"	"6.98491341"	"4"	"3"		""	"L11631"	
"598.36806"	"598.36796"	"437"	""		"4.54850612"	"6.61997175"	"4"	"4"		""	"L11631"	
"598.48147"	"598.48148"	"690"	""		"4.73314079"	"6.80421351"	"3"	"2"		""	"L11631"	
"598.5188"	"598.51860"	"4"	""		"4.95563019"	"7.02657446"	"3"	"4"		""	"L11631"	
"598.69559"	"598.69555"	"10"	""		"3.30140276"	"5.37173492"	"4"	"3"		""	"L11631"	
"598.70645"	"598.70645"	"363"	""		"4.79546566"	"6.86576013"	"2"	"1"		""	"L11631"	
"598.8556"	"598.85558"	"2"	""		"5.06740926"	"7.13718820"	"2"	"3"		""	"L11631"	
"599.1261"	"599.12600"	"2"	""		"5.06378173"	"7.13262645"	"3"	"2"		""	"L11631"	
"599.2641"	"599.26416"	"1"	""		"4.17769679"	"6.24606454"	"5"	"5"		""	"L11631"	
"599.2998"	"599.29987"	"2"	""		"4.21758325"	"6.28582776"	"1"	"2"		""	"L11631"	
"599.4544"	"599.45429"	"1"	""		"3.54652001"	"5.61423177"	"2"	"2"		""	"L11631"	
"599.5914"	"599.59130"	"3"	""		"4.60695104"	"6.67419029"	"2"	"3"		""	"L11631"	
"599.76745"	"599.76746"	"4"	""		"5.06378173"	"7.1304138"	"3"	"3"		""	"L11631"	
"599.77774"	"599.77764"	"129"	""		"4.60759327"	"6.67419029"	"3"	"3"		""	"L11631"	
"599.89381"	"599.89385"	"3"	""		"3.63434980"	"5.70054647"	"6"	"7"		""	"L11631"	
"600.0630"	"600.06273"	"1"	""		"5.09954435"	"7.16515953"	"1"	"2"		""	"L11631"	
"600.30119"	"600.30108"	"980"	""		"3.88160368"	"5.94639870"	"4"	"4"		""	"L11631"	
"600.55409"	"600.55409"	"49"	""		"2.58810592"	"4.65203107"	"3"	"2"		""	"L11631"	
"600.77146"	"600.77143"	"6"	""		"3.26711257"	"5.33029109"	"5"	"5"		""	"L11631"	
"600.79597"	"600.79594"	"295"	""		"4.65203107"	"6.71512541"	"2"	"3"		""	"L11631"	
"600.85562"	"600.85556"	"1150"	""		"3.88350907"	"5.94639870"	"3"	"4"		""	"L11631"	
"600.9826"	"600.98209"	"3bl*"	""		"4.58438864"	"6.64684396"	"3"	"4"		""	"L11631"	
"600.9826"	"600.98263"	"3bl*"	""		"3.25148176"	"5.31393522"	"3"	"2"		""	"L11631"	
"601.22095"	"601.22095"	"56"	"1.69e+04"	C+	"2.22271209"	"4.28434800"	"1"	"0"		"T5783"	"L11631"	
"601.24373"	"601.24363"	"5"	""		"4.79546566"	"6.85702383"	"2"	"1"		""	"L11631"	
"601.2758"	"601.27548"	"1"	""		"4.55852281"	"6.61997175"	"3"	"4"		""	"L11631"	
"601.3914"	"601.39148"	"3"	""		"5.09954435"	"7.1605957"	"1"	"1"		""	"L11631"	
"601.52439"	"601.52432"	"5"	""		"2.22271209"	"4.28330826"	"1"	"2"		""	"L11631"	
"601.6047"	"601.60493"	"1"	""		"4.99127081"	"7.05159087"	"5"	"6"		""	"L11631"	
"601.82991"	"601.82991"	"13"	""		"4.65203107"	"6.71158094"	"2"	"1"		""	"L11631"	
"601.93655"	"601.93652"	"22"	""		"3.57321890"	"5.63240401"	"5"	"4"		""	"L11631"	
"602.00132"	""	"195"	""		""	""	""	""		""	"L11631"	
"602.01688"	"602.01681"	"930"	""		"4.60759327"	"6.66650376"	"3"	"4"		""	"L11631"	
"602.17908"	"602.17887"	"44"	""		"2.19786640"	"4.25622280"	"2"	"3"		""	"L11631"	
"602.40576"	"602.40569"	"2290"	""		"4.54850612"	"6.60608750"	"4"	"5"		""	"L11631"	
"602.70505"	"602.70506"	"600"	"1.36e+06"	C+	"4.07581091"	"6.13237029"	"4"	"5"		"T5720"	"L11631"	
"602.7723"	"602.77232"	"2"	""		"4.99127081"	"7.04760069"	"5"	"5"		""	"L11631"	
"602.7966"	"602.79649"	"2"	""		"4.60759327"	"6.66384071"	"3"	"3"		""	"L11631"	
"602.81063"	"602.8103"	"8"	""		"5.65471608"	"7.7109164"	"6"	"5"		""	"L11631"	
"603.40351"	"603.40347"	"19"	""		"4.31247059"	"6.36664959"	"5"	"4"		""	"L11631"	
"603.5337"	"603.53367"	"22bl*"	""		"4.29441489"	"6.34815078"	"2"	"2"		""	"L11631"	
"603.5337"	"603.53436"	"22bl*"	""		"4.59311043"	"6.64684396"	"4"	"4"		""	"L11631"	
"603.6457"	"603.64562"	"8bl"	""		"5.03306811"	"7.08642312"	"4"	"4"		""	"L11631"	
"604.20948"	""	"251"	""		""	""	""	""		""	"L11631"	
"604.2225"	"604.22254"	"2"	""		"4.65203107"	"6.70342551"	"2"	"2"		""	"L11631"	
"605.40738"	"605.40731"	"15"	""		"4.37135106"	"6.41873101"	"4"	"3"		""	"L11631"	
"605.5091"	"605.50895"	"2bl"	""		"5.08559017"	"7.13262645"	"2"	"2"		""	"L11631"	
"605.5401"	"605.54016"	"4"	""		"4.95563019"	"7.00256095"	"3"	"2"		""	"L11631"	
"605.60043"	"605.60043"	"550"	""		"4.73314079"	"6.77986785"	"3"	"4"		""	"L11631"	
"605.72581"	"605.72530"	"13"	""		"4.99127081"	"7.03757595"	"5"	"5"		""	"L11631"	
"606.06239"	"606.06218"	"3"	""		"1.55735733"	"3.60252504"	"3"	"3"		""	"L11631"	
"606.0808"	"606.08088"	"2"	""		"4.22036211"	"6.26546671"	"4"	"3"		""	"L11631"	
"606.28480"	"606.28473"	"34"	""		"2.17594512"	"4.22036211"	"3"	"4"		""	"L11631"	
"606.2944"	"606.29436"	"2"	""		"4.98804995"	"7.03243444"	"2"	"2"		""	"L11631"	
"606.5482"	"606.54814"	"4790bl*"	"1.07e+06"	B	"2.60850194"	"4.65203107"	"2"	"2"		"T4293"	"L11631"	
"606.5482"	"606.54848"	"4790bl*"	""		"4.95563019"	"6.99915820"	"3"	"4"		""	"L11631"	
"606.5800"	"606.58002"	"6"	""		"3.30140276"	"5.34482452"	"4"	"4"		""	"L11631"	
"607.1420"	"607.14195"	"5bl"	""		"4.98504395"	"7.02657446"	"3"	"4"		""	"L11631"	
"607.84907"	"607.84907"	"560"	""		"4.79546566"	"6.83462125"	"2"	"3"		""	"L11631"	
"607.90089"	"607.90074"	"148"	"2.9e+06"	E	"4.65203107"	"6.69101333"	"2"	"2"		"T2578n"	"L11631"	
"608.1710"	"608.17082"	"4"	""		"4.41527878"	"6.45335558"	"3"	"2"		""	"L11631"	
"608.1828"	"608.18284"	"2"	""		"4.14264893"	"6.18068544"	"3"	"3"		""	"L11631"	
"608.27102"	"608.27099"	"166"	"1.61e+04"	B	"2.22271209"	"4.26045326"	"1"	"1"		"T4187"	"L11631"	
"608.3663"	"608.36601"	"4"	""		"3.88350907"	"5.92093198"	"3"	"3"		""	"L11631"	
"608.52587"	"608.52576"	"79"	"6.99e+04"	D+	"2.75857762"	"4.79546566"	"3"	"2"		"T5720"	"L11631"	
"608.7878"	"608.78819"	"2bl"	""		"4.18636440"	"6.22237439"	"2"	"2"		""	"L11631"	
"609.1720"	"609.17188"	"6"	""		"4.60695104"	"6.64167865"	"2"	"2"		""	"L11631"	
"609.36440"	"609.36422"	"68"	"1.2e+06"	E	"4.60759327"	"6.64167865"	"3"	"2"		"T2578n"	"L11631"	
"609.43732"	"609.43725"	"33"	"7.3e+05"	E	"4.65203107"	"6.68587270"	"2"	"1"		"T2578n"	"L11631"	
"609.66649"	"609.66638"	"141"	"3.4e+05"	E	"3.98410712"	"6.01718438"	"2"	"3"		"T2578n"	"L11631"	
"609.7081"	"609.70810"	"14"	""		"2.17594512"	"4.20888328"	"3"	"2"		""	"L11631"	
"609.82443"	"609.82433"	"36"	""		"4.55852281"	"6.59107351"	"3"	"3"		""	"L11631"	
"610.02713"	"610.02705"	"22"	""		"4.55852281"	"6.59039805"	"3"	"4"		""	"L11631"	
"610.2177"	"610.21666"	"590bl*"	""		"4.60759327"	"6.63883718"	"3"	"3"		""	"L11631"	
"610.2177"	"610.21710"	"590bl*"	""		"4.83485507"	"6.8660975"	"1"	"2"		""	"L11631"	
"610.31847"	"610.31847"	"257"	""		"4.83485507"	"6.86576013"	"1"	"1"		""	"L11631"	
"610.32935"	"610.32931"	"71"	"1.52e+06"	C	"4.73314079"	"6.76400977"	"3"	"4"		"T5720"	"L11631"	
"610.51310"	"610.51273"	"25"	""		"4.54850612"	"6.57876498"	"4"	"5"		""	"L11631"	
"610.7329"	"610.73233"	"26"	""		"4.07581091"	"6.10533975"	"4"	"3"		""	"L11631"	
"612.02490"	"612.02457"	"34"	"2.12e+01"	B+	"0.91460217"	"2.93984587"	"4"	"4"		"T4920"	"L11631"	
"612.79062"	"612.79059"	"257"	"7.87e+05"	D+	"4.14264893"	"6.16536100"	"3"	"4"		"T5720"	"L11631"	
"613.5790"	"613.57864"	"25"	""		"4.99127081"	"7.01138503"	"5"	"5"		""	"L11631"	
"613.66149"	"613.66146"	"112"	"1.01e+06"	B	"2.45343044"	"4.47327202"	"4"	"3"		"T4187"	"L11631"	
"613.69943"	"613.69936"	"245"	"6.62e+04"	B	"2.19786640"	"4.21758325"	"2"	"1"		"T4187"	"L11631"	
"613.7286"	"613.72814"	"5"	""		"4.58004944"	"6.59967157"	"2"	"1"		""	"L11631"	
"613.7498"	"613.74980"	"4"	""		"3.33201954"	"5.35157038"	"5"	"4"		""	"L11631"	
"613.76913"	"613.76910"	"6800"	"1.00e+06"	B	"2.58810592"	"4.60759327"	"3"	"3"		"T4293"	"L11631"	
"613.9867"	"613.98603"	"4"	""		"4.25622280"	"6.27499663"	"3"	"3"		""	"L11631"	
"614.17316"	"614.17305"	"510"	"1.23e+06"	B	"3.60252504"	"5.62068415"	"3"	"2"		"T5783"	"L11631"	
"614.78343"	"614.78340"	"209"	"5.37e+05"	C+	"4.07581091"	"6.09196644"	"4"	"3"		"T5720"	"L11631"	
"615.16177"	"615.16170"	"132"	"1.77e+04"	B	"2.17594512"	"4.19086081"	"3"	"2"		"T4187"	"L11631"	
"615.77280"	"615.77276"	"550"	"1.2e+06"	D	"4.07581091"	"6.08872711"	"4"	"4"		"T2578n"	"L11631"	
"615.9377"	"615.93730"	"35"	""		"4.60759327"	"6.61997175"	"3"	"4"		""	"L11631"	
"616.35441"	"616.35434"	"105"	"8.44e+03"	C+	"2.19786640"	"4.20888328"	"2"	"2"		"T5783"	"L11631"	
"616.53599"	"616.53595"	"204"	"6.54e+05"	C+	"4.14264893"	"6.15307342"	"3"	"4"		"T5720"	"L11631"	
"616.9597"	"616.95974"	"27"	""		"4.73314079"	"6.74218434"	"3"	"3"		""	"L11631"	
"617.05067"	"617.05056"	"407"	""		"4.79546566"	"6.80421351"	"2"	"2"		""	"L11631"	
"617.33352"	"617.33340"	"240"	"2.31e+05"	B	"2.22271209"	"4.23053960"	"1"	"0"		"T4187"	"L11631"	
"618.02038"	"618.02019"	"195"	"5.59e+04"	D+	"2.72754450"	"4.73314079"	"4"	"3"		"T5720"	"L11631"	
"618.5697"	"618.56970"	"34"	""		"5.64908881"	"7.6529034"	"3"	"4"		""	"L11631"	
"618.79900"	"618.79889"	"191"	"4.1e+05"	E	"3.94332623"	"5.94639870"	"3"	"4"		"T2578n"	"L11631"	
"619.1558"	"619.15572"	"6000bl*"	"7.41e+05"	C+	"2.43269470"	"4.43461275"	"5"	"4"		"T5720"	"L11631"	
"619.1558"	"619.15657"	"6000bl*"	""		"4.25622280"	"6.25813812"	"3"	"4"		""	"L11631"	
"620.03125"	"620.03122"	"550"	"9.06e+04"	C+	"2.60850194"	"4.60759327"	"2"	"3"		"T4293"	"L11631"	
"621.34299"	"621.34291"	"457"	"1.90e+05"	D+	"2.22271209"	"4.21758325"	"1"	"1"		"T5720"	"L11631"	
"621.51434"	"621.51431"	"219"	"1.18e+06"	C+	"4.18636440"	"6.18068544"	"2"	"3"		"T5720"	"L11631"	
"621.92806"	"621.92802"	"780"	"1.27e+05"	B	"2.19786640"	"4.19086081"	"2"	"2"		"T4187"	"L11631"	
"622.0783"	"622.07794"	"62"	""		"3.88160368"	"5.87411777"	"4"	"4"		""	"L11631"	
"622.6250"	"622.62500"	"71"	""		"3.64164057"	"5.63240401"	"3"	"4"		""	"L11631"	
"622.6736"	"622.67339"	"65"	""		"3.88350907"	"5.87411777"	"3"	"4"		""	"L11631"	
"622.9228"	"622.92256"	"89"	"8.97e+04"	D+	"2.84504259"	"4.83485507"	"1"	"1"		"T5783"	"L11631"	
"623.07226"	"623.07219"	"6600"	"9.99e+05"	B	"2.55917148"	"4.54850612"	"4"	"4"		"T4293"	"L11631"	
"623.26408"	"623.26400"	"790"	"3.42e+06"	B	"3.65369332"	"5.64241573"	"2"	"1"		"T6110"	"L11631"	
"624.0310"	"624.03097"	"41"	""		"4.14264893"	"6.12892712"	"3"	"2"		""	"L11631"	
"624.06458"	"624.06459"	"288"	"2.30e+04"	D+	"2.22271209"	"4.20888328"	"1"	"2"		"T5720"	"L11631"	
"624.63184"	"624.63177"	"4900"	"3.24e+06"	B	"3.60252504"	"5.58689276"	"3"	"3"		"T5720"	"L11631"	
"625.25550"	"625.25546"	"9500"	"3.19e+05"	B	"2.40407444"	"4.38646275"	"6"	"5"		"T4187"	"L11631"	
"625.3831"	"625.38282"	"50"	""		"4.73314079"	"6.71512541"	"3"	"3"		""	"L11631"	
"625.42581"	"625.42574"	"5100"	"2.13e+05"	C+	"2.27860466"	"4.26045326"	"2"	"1"		"T5720"	"L11631"	
"625.63611"	"625.63608"	"1380"	"7.40e+04"	C	"2.45343044"	"4.43461275"	"4"	"4"		"T5720"	"L11631"	
"626.51335"	"626.51320"	"2690"	"6.84e+04"	B	"2.17594512"	"4.15435379"	"3"	"3"		"T4187"	"L11631"	
"627.02246"	"627.02231"	"760"	"1.39e+05"	D	"2.85805275"	"4.83485507"	"0"	"1"		"T5720"	"L11631"	
"627.1278"	"627.12776"	"200"	"3.05e+04"	C+	"3.33201954"	"5.30848946"	"5"	"5"		"T6110"	"L11631"	
"628.06178"	"628.06167"	"3800"	"6.26e+02"	B+	"0.85899575"	"2.83252676"	"5"	"5"		"T4920"	"L11631"	
"628.0774"	"628.07694"	"50"	""		"4.58004944"	"6.55353246"	"2"	"1"		""	"L11631"	
"629.09652"	"629.09648"	"1780"	""		"4.73314079"	"6.70342551"	"3"	"2"		""	"L11631"	
"629.1070"	"629.10658"	"100"	""		"4.73314079"	"6.70339390"	"3"	"4"		""	"L11631"	
"629.3925"	"629.39238"	"200"	""		"4.83485507"	"6.80421351"	"1"	"2"		""	"L11631"	
"629.77927"	"629.77923"	"4680"	"6.12e+04"	B	"2.22271209"	"4.19086081"	"1"	"2"		"T4187"	"L11631"	
"630.15008"	"630.14996"	"33100"	"6.43e+06"	B	"3.65369332"	"5.62068415"	"2"	"2"		"T5783"	"L11631"	
"630.24932"	"630.24932"	"10700"	""		"3.68638944"	"5.65307019"	"1"	"0"		""	"L11631"	
"630.7854"	"630.78541"	"182"	""		"3.64164057"	"5.60664989"	"3"	"3"		""	"L11631"	
"631.14999"	"631.14991"	"1000"	"2.42e+04"	C+	"2.83159117"	"4.79546566"	"2"	"2"		"T6110"	"L11631"	
"631.2770"	"631.27653"	"71"	""		"4.43461275"	"6.39809335"	"4"	"3"		""	"L11631"	
"631.53063"	"631.53056"	"7400"	"1.40e+06"	C	"4.14264893"	"6.10533975"	"3"	"3"		"T5720"	"L11631"	
"631.54121"	"631.54113"	"1510"	""		"4.14264893"	"6.10530689"	"3"	"2"		""	"L11631"	
"631.58110"	"631.58107"	"5000"	"4.0e+05"	D	"4.07581091"	"6.03834476"	"4"	"4"		"T2578n"	"L11631"	
"631.80171"	"631.80176"	"37200"	"3.75e+05"	D+	"2.45343044"	"4.41527878"	"4"	"3"		"T4653"	"L11631"	
"632.26851"	"632.26847"	"15500"	"6.95e+04"	C+	"2.58810592"	"4.54850612"	"3"	"4"		"T4293"	"L11631"	
"633.08491"	"633.08475"	"2000"	"6.4e+05"	E	"4.73314079"	"6.69101333"	"3"	"2"		"T2578n"	"L11631"	
"633.53304"	"633.53296"	"51000"	"1.58e+05"	C+	"2.19786640"	"4.15435379"	"2"	"3"		"T5720"	"L11631"	
"633.68239"	"633.68231"	"65000"	"7.71e+06"	B	"3.68638944"	"5.64241573"	"1"	"1"		"T6110"	"L11631"	
"633.88771"	"633.88755"	"3800"	"5.1e+06"	D	"4.79546566"	"6.75085864"	"2"	"1"		"T2578n"	"L11631"	
"634.41487"	"634.41475"	"9500"	"1.80e+04"	B	"2.43269470"	"4.38646275"	"5"	"5"		"T4187"	"L11631"	
"635.0544"	"635.05440"	"129"	""		"4.58004944"	"6.53184961"	"2"	"2"		""	"L11631"	
"635.1272"	"635.12730"	"151"	""		"4.31247059"	"6.26404671"	"5"	"6"		""	"L11631"	
"635.3836"	"635.38355"	"282"	"7.87e+00"	B+	"0.91460217"	"2.86539125"	"4"	"3"		"T4920"	"L11631"	
"635.50286"	"635.50278"	"17000"	"1.69e+05"	C	"2.84504259"	"4.79546566"	"1"	"2"		"T5720"	"L11631"	
"635.86333"	"635.86321"	"7800"	"5.19e+05"	C+	"4.14264893"	"6.09196644"	"3"	"3"		"T5720"	"L11631"	
"635.86972"	"635.86960"	"28200"	"4.32e+02"	A	"0.85899575"	"2.80829367"	"5"	"6"		"T3548"	"L11631"	
"636.28759"	"636.28755"	"6600"	"2.8e+05"	E	"4.18636440"	"6.13438193"	"2"	"3"		"T2578n"	"L11631"	
"636.43653"	"636.43637"	"2400"	"2.1e+06"	E	"4.79546566"	"6.74302768"	"2"	"1"		"T2578n"	"L11631"	
"636.46947"	"636.46939"	"1230"	""		"4.58438864"	"6.53184961"	"3"	"2"		""	"L11631"	
"636.7120"	"636.71208"	"182"	""		"4.79546566"	"6.74218434"	"2"	"3"		""	"L11631"	
"636.8379"	"636.83717"	"71"	""		"3.88160368"	"5.82793998"	"4"	"5"		""	"L11631"	
"636.8634"	"636.86244"	"50"	""		"4.79546566"	"6.74172473"	"2"	"2"		""	"L11631"	
"637.6199"	"637.62003"	"151"	""		"4.32010008"	"6.26404671"	"6"	"6"		""	"L11631"	
"638.07428"	"638.07429"	"15800"	"1.38e+06"	C	"4.18636440"	"6.12892712"	"2"	"2"		"T5720"	"L11631"	
"638.57181"	"638.57173"	"790"	""		"4.73314079"	"6.67419029"	"3"	"3"		""	"L11631"	
"639.25383"	"639.25375"	"1020"	""		"2.27860466"	"4.21758325"	"2"	"1"		""	"L11631"	
"639.36009"	"639.36001"	"302000"	"4.81e+05"	C	"2.43269470"	"4.37135106"	"5"	"4"		"T5720"	"L11631"	
"639.7968"	"639.79685"	"129"	""		"4.47327202"	"6.41060472"	"3"	"2"		""	"L11631"	
"639.9649"	"639.96460"	"151"	""		"3.98410712"	"5.92093198"	"2"	"3"		""	"L11631"	
"640.00008"	"640.00000"	"490000"	"9.27e+06"	B	"3.60252504"	"5.53924278"	"3"	"4"		"T5783"	"L11631"	
"640.03175"	"640.03163"	"28200"	"8.69e+02"	C+	"0.91460217"	"2.85122419"	"4"	"4"		"T5720"	"L11631"	
"640.80179"	"640.80171"	"74000"	"3.12e+06"	B	"3.68638944"	"5.62068415"	"1"	"2"		"T5783"	"L11631"	
"640.8335"	"640.83326"	"219"	""		"4.38646275"	"6.32066224"	"5"	"4"		""	"L11631"	
"641.1107"	"641.11054"	"417"	""		"4.73314079"	"6.66650376"	"3"	"4"		""	"L11631"	
"641.16489"	"641.16477"	"219000"	"4.43e+06"	B	"3.65369332"	"5.58689276"	"2"	"3"		"T5720"	"L11631"	
"641.2202"	"641.22021"	"71"	""		"2.45343044"	"4.38646275"	"4"	"5"		""	"L11631"	
"641.6930"	"641.69328"	"1020bl"	""		"4.79546566"	"6.72707289"	"2"	"2"		""	"L11631"	
"641.96450"	"641.96437"	"1230"	""		"3.94332623"	"5.87411777"	"3"	"4"		""	"L11631"	
"641.99492"	"641.99484"	"36300"	"1.2e+07"	D	"4.73314079"	"6.66384071"	"3"	"3"		"T2578n"	"L11631"	
"642.0065"	"642.00630"	"182"	""		"4.58004944"	"6.51071489"	"2"	"1"		""	"L11631"	
"642.13504"	"642.13496"	"257000"	"3.04e+05"	B	"2.27860466"	"4.20888328"	"2"	"2"		"T4187"	"L11631"	
"643.08460"	"643.08447"	"209000"	"1.77e+05"	B	"2.17594512"	"4.10337372"	"3"	"4"		"T4187"	"L11631"	
"643.4876"	"643.48764"	"50"	""		"3.41489715"	"5.34111814"	"1"	"1"		""	"L11631"	
"643.64068"	"643.64056"	"2040"	""		"4.18636440"	"6.11212776"	"2"	"1"		""	"L11631"	
"643.8459"	"643.84616"	"71"	""		"5.38520741"	"7.31035581"	"3"	"2"		""	"L11631"	
"643.87577"	"643.87573"	"680"	""		"4.43461275"	"6.35967275"	"4"	"3"		""	"L11631"	
"643.9562"	"643.95557"	"50"	""		"4.47327202"	"6.39809335"	"3"	"3"		""	"L11631"	
"644.6100"	"644.60995"	"219"	""		"4.07581091"	"5.99867825"	"4"	"5"		""	"L11631"	
"645.9286"	"645.92839"	"71"	""		"4.18636440"	"6.10530689"	"2"	"2"		""	"L11631"	
"646.2725"	"646.27121"	"33100bl*"	"9.70e+04"	C	"0.91460217"	"2.83252676"	"4"	"5"		"T4653"	"L11631"	
"646.2725"	"646.27255"	"33100bl*"	"5.60e+04"	C	"2.45343044"	"4.37135106"	"4"	"4"		"T5720"	"L11631"	
"646.46638"	"646.46617"	"630"	""		"0.95815732"	"2.87550352"	"3"	"2"		""	"L11631"	
"646.91177"	"646.91173"	"870"	""		"2.40407444"	"4.32010008"	"6"	"6"		""	"L11631"	
"646.91926"	"646.91918"	"10200"	"8.3e+06"	E	"4.83485507"	"6.75085864"	"1"	"1"		"T2578n"	"L11631"	
"647.2149"	"647.21507"	"100"	""		"4.37135106"	"6.28647868"	"4"	"5"		""	"L11631"	
"647.56240"	"647.56236"	"13200"	"2.60e+04"	C	"2.55917148"	"4.47327202"	"4"	"3"		"T5720"	"L11631"	
"647.6609"	"647.66045"	"71"	""		"4.10337372"	"6.01718438"	"4"	"3"		""	"L11631"	
"648.18699"	"648.18695"	"15800"	"3.29e+04"	B	"2.27860466"	"4.19086081"	"2"	"2"		"T4187"	"L11631"	
"648.3946"	"648.39437"	"398"	""		"1.48486439"	"3.39650880"	"4"	"3"		""	"L11631"	
"649.44995"	"649.44978"	"3470"	""		"4.73314079"	"6.64167865"	"3"	"2"		""	"L11631"	
"649.49800"	"649.49801"	"870000"	"7.66e+05"	B	"2.40407444"	"4.31247059"	"6"	"5"		"T4187"	"L11631"	
"649.57418"	"649.57410"	"5800"	"6.4e+06"	E	"4.83485507"	"6.74302768"	"1"	"1"		"T2578n"	"L11631"	
"649.64661"	"649.64653"	"18600"	"7.8e+06"	E	"4.79546566"	"6.70342551"	"2"	"2"		"T2578n"	"L11631"	
"649.89388"	"649.89380"	"19100"	"4.64e+02"	B+	"0.95815732"	"2.86539125"	"3"	"3"		"T4920"	"L11631"	
"649.9616"	"649.96119"	"200"	""		"4.43461275"	"6.34164892"	"4"	"3"		""	"L11631"	
"650.0478"	"650.0477"	"129bl"	""		"5.44571679"	"7.3524990"	"3"	"4"		""	"L11631"	
"650.16718"	""	"15100"	""		""	""	""	""		""	"L11631"	
"650.41831"	"650.41814"	"580"	""		"4.73314079"	"6.63883718"	"3"	"3"		""	"L11631"	
"650.4509"	"650.45035"	"129"	""		"4.18636440"	"6.09196644"	"2"	"3"		""	"L11631"	
"650.96164"	"650.96151"	"1820"	""		"4.07581091"	"5.97991659"	"4"	"5"		""	"L11631"	
"651.83667"	"651.83654"	"18600"	"1.13e+05"	D+	"2.83159117"	"4.73314079"	"2"	"3"		"T5720"	"L11631"	
"652.85345"	""	"6000"	""		""	""	""	""		""	"L11631"	
"653.39290"	"653.39277"	"6600"	"1.2e+06"	E	"4.55852281"	"6.45554341"	"3"	"2"		"T2578n"	"L11631"	
"653.84934"	"653.84939"	"930"	""		"4.14264893"	"6.03834476"	"3"	"4"		""	"L11631"	
"654.62390"	"654.62373"	"224000"	"9.06e+05"	C	"2.75857762"	"4.65203107"	"3"	"2"		"T5720"	"L11631"	
"654.7576"	"654.75742"	"129"	""		"0.95815732"	"2.85122419"	"3"	"4"		""	"L11631"	
"655.16776"	"655.16768"	"1260"	""		"0.99011115"	"2.88199261"	"2"	"1"		""	"L11631"	
"655.5869"	"655.58688"	"219"	""		"4.07581091"	"5.96648265"	"4"	"3"		""	"L11631"	
"655.67876"	"655.67868"	"1700"	""		"4.79546566"	"6.68587270"	"2"	"1"		""	"L11631"	
"655.9771"	"655.97687"	"282"	""		"4.58004944"	"6.46959714"	"2"	"1"		""	"L11631"	
"656.92151"	"656.92138"	"45700"	"6.0e+06"	D	"4.73314079"	"6.61997175"	"3"	"4"		"T2578n"	"L11631"	
"657.1167"	"657.11655"	"417"	""		"4.29441489"	"6.18068544"	"2"	"3"		""	"L11631"	
"657.4228"	"657.42263"	"10000bl"	"3.06e+02"	B+	"0.99011115"	"2.87550352"	"2"	"2"		"T4920"	"L11631"	
"657.50154"	"657.50154"	"22400"	"4.30e+04"	C+	"2.58810592"	"4.47327202"	"3"	"3"		"T5720"	"L11631"	
"658.12097"	"658.12089"	"4170"	"3.58e+02"	C+	"1.48486439"	"3.36825640"	"4"	"4"		"T5783"	"L11631"	
"658.4579"	"658.45743"	"219"	""		"5.39325126"	"7.2756807"	"4"	"3"		""	"L11631"	
"659.13125"	"659.13125"	"1580"	""		"4.59311043"	"6.47361547"	"4"	"3"		""	"L11631"	
"659.2609"	"659.26082"	"129bl"	""		"4.95563019"	"6.83576563"	"3"	"2"		""	"L11631"	
"659.29134"	"659.29121"	"155000"	"7.37e+05"	C+	"2.72754450"	"4.60759327"	"4"	"3"		"T5720"	"L11631"	
"659.38701"	"659.38692"	"71000"	"5.28e+04"	B	"2.43269470"	"4.31247059"	"5"	"5"		"T4187"	"L11631"	
"659.75606"	"659.75589"	"8700"	"2.0e+06"	E	"4.79546566"	"6.67419029"	"2"	"3"		"T2578n"	"L11631"	
"660.1122"	"660.11233"	"71"	""		"4.98804995"	"6.86576013"	"2"	"1"		""	"L11631"	
"660.3196"	"660.31961"	"200"	""		"3.64164057"	"5.51876133"	"3"	"2"		""	"L11631"	
"660.3340"	"660.33400"	"219"	""		"2.42419831"	"4.30127816"	"1"	"1"		""	"L11631"	
"660.45885"	"660.45855"	"1230"	""		"4.83485507"	"6.71158094"	"1"	"1"		""	"L11631"	
"660.80256"	"660.80247"	"1860"	""		"2.27860466"	"4.15435379"	"2"	"3"		""	"L11631"	
"660.89521"	"660.89512"	"500"	""		"4.19086081"	"6.06634697"	"2"	"2"		""	"L11631"	
"660.91098"	"660.91094"	"24000"	"3.45e+04"	C+	"2.55917148"	"4.43461275"	"4"	"4"		"T4293"	"L11631"	
"660.9678"	"660.96775"	"1350bl"	""		"0.99011115"	"2.86539125"	"2"	"3"		""	"L11631"	
"661.38250"	"661.38246"	"1480"	""		"1.01105568"	"2.88515991"	"1"	"0"		""	"L11631"	
"661.4949"	"661.49519"	"71"	""		"5.44571679"	"7.3195016"	"3"	"2"		""	"L11631"	
"662.2407"	"662.24073"	"151"	""		"4.38646275"	"6.25813812"	"5"	"4"		""	"L11631"	
"662.3791"	"662.37794"	"219"	""		"4.07581091"	"5.94709859"	"4"	"3"		""	"L11631"	
"662.50216"	"662.50212"	"3980"	"2.34e+02"	B+	"1.01105568"	"2.88199261"	"1"	"1"		"T4920"	"L11631"	
"662.75444"	"662.75435"	"4680"	""		"4.54850612"	"6.41873101"	"4"	"3"		""	"L11631"	
"663.1979"	"663.19797"	"129"	""		"4.98804995"	"6.85702383"	"2"	"1"		""	"L11631"	
"663.34121"	"663.34116"	"3470"	""		"4.83485507"	"6.70342551"	"1"	"2"		""	"L11631"	
"663.37492"	"663.37483"	"12000"	"3.44e+06"	C+	"4.55852281"	"6.42699840"	"3"	"3"		"T5720"	"L11631"	
"663.41067"	"663.41054"	"3980"	""		"4.79546566"	"6.66384071"	"2"	"3"		""	"L11631"	
"663.6964"	"663.69646"	"182"	""		"4.14264893"	"6.01021907"	"3"	"3"		""	"L11631"	
"663.98779"	"663.98757"	"1510"	""		"4.07581091"	"5.94256226"	"4"	"4"		""	"L11631"	
"664.5367"	"664.53646"	"151"	""		"4.38646275"	"6.25167222"	"5"	"4"		""	"L11631"	
"664.69314"	"664.69305"	"1170"	""		"2.60850194"	"4.47327202"	"2"	"3"		""	"L11631"	
"664.80806"	"664.80793"	"1120"	"3.64e+01"	B+	"1.01105568"	"2.87550352"	"1"	"2"		"T4920"	"L11631"	
"665.38523"	"665.38510"	"1860"	""		"4.15435379"	"6.01718438"	"3"	"3"		""	"L11631"	
"666.32321"	"666.32312"	"6000"	""		"4.55852281"	"6.41873101"	"3"	"3"		""	"L11631"	
"666.34417"	"666.34408"	"63000"	"4.98e+05"	B	"2.42419831"	"4.28434800"	"1"	"0"		"T4187"	"L11631"	
"666.5427"	"666.54267"	"324"	""		"1.55735733"	"3.41695281"	"3"	"2"		""	"L11631"	
"666.74187"	"666.74178"	"710"	""		"2.45343044"	"4.31247059"	"4"	"5"		""	"L11631"	
"666.77108"	"666.77099"	"980"	"1.66e+05"	C+	"4.58438864"	"6.44334733"	"3"	"3"		"T6110"	"L11631"	
"667.2680"	"667.26779"	"182"	""		"5.39325126"	"7.2508259"	"4"	"3"		""	"L11631"	
"667.3814"	"667.38183"	"100"	""		"4.73314079"	"6.59039805"	"3"	"4"		""	"L11631"	
"667.6865"	"667.68653"	"200"	""		"4.55852281"	"6.41493251"	"3"	"2"		""	"L11631"	
"667.79865"	"667.79848"	"240000"	"6.34e+05"	B	"2.69240763"	"4.54850612"	"5"	"4"		"T5720"	"L11631"	
"668.2236"	"668.22368"	"251"	""		"4.07581091"	"5.93072834"	"4"	"5"		""	"L11631"	
"668.74918"	"668.74904"	"1700"	""		"4.14264893"	"5.99610917"	"3"	"4"		""	"L11631"	
"669.22720"	"669.22711"	"780"	""		"4.07581091"	"5.92794713"	"4"	"4"		""	"L11631"	
"669.2469"	"669.24673"	"100"	""		"4.55852281"	"6.41060472"	"3"	"2"		""	"L11631"	
"669.91414"	"669.91409"	"1100"	"1.68e+05"	C+	"4.59311043"	"6.44334733"	"4"	"3"		"T6110"	"L11631"	
"670.35670"	"670.35656"	"8700"	"1.8e+04"	D	"2.75857762"	"4.60759327"	"3"	"3"		"T2578n"	"L11631"	
"670.44805"	"670.44792"	"1100"	""		"4.21758325"	"6.06634697"	"1"	"2"		""	"L11631"	
"670.51020"	"670.51006"	"4790"	""		"4.60695104"	"6.45554341"	"2"	"2"		""	"L11631"	
"670.74327"	"670.74309"	"680"	""		"4.60759327"	"6.45554341"	"3"	"2"		""	"L11631"	
"671.03191"	"671.03177"	"3550"	""		"1.48486439"	"3.33201954"	"4"	"5"		""	"L11631"	
"671.1821"	"671.18193"	"251"	""		"4.95563019"	"6.80237209"	"3"	"3"		""	"L11631"	
"671.2438"	"671.24394"	"282"	""		"4.98804995"	"6.83462125"	"2"	"3"		""	"L11631"	
"671.30465"	"671.30456"	"4070"	""		"4.60695104"	"6.45335558"	"2"	"2"		""	"L11631"	
"671.31957"	"671.31948"	"1550"	""		"4.14264893"	"5.98901244"	"3"	"2"		""	"L11631"	
"671.37444"	"671.37421"	"2820"	""		"4.79546566"	"6.64167865"	"2"	"2"		""	"L11631"	
"671.53828"	"671.53814"	"3980"	""		"4.60759327"	"6.45335558"	"3"	"2"		""	"L11631"	
"671.62368"	"671.62359"	"3890"	""		"4.58004944"	"6.42557692"	"2"	"3"		""	"L11631"	
"671.7301"	"671.73018"	"151"	""		"5.06740926"	"6.9126439"	"2"	"2"		""	"L11631"	
"671.75266"	"671.75253"	"2690"	""		"4.60695104"	"6.45212430"	"2"	"1"		""	"L11631"	
"672.53568"	"672.53554"	"3980"	""		"4.10337372"	"5.94639870"	"4"	"4"		""	"L11631"	
"672.66664"	"672.66659"	"5600"	""		"4.60695104"	"6.44961696"	"2"	"1"		""	"L11631"	
"673.02919"	"673.02910"	"550"	""		"4.91297355"	"6.75464698"	"4"	"4"		""	"L11631"	
"673.20644"	"673.20644"	"1950"	""		"4.58438864"	"6.42557692"	"3"	"3"		""	"L11631"	
"673.31508"	"673.31499"	"4680"	""		"4.63819369"	"6.47908516"	"1"	"0"		""	"L11631"	
"673.5006"	"673.50070"	"71"	""		"4.43461275"	"6.27499663"	"4"	"3"		""	"L11631"	
"673.65309"	"673.65328"	"710"	""		"4.29441489"	"6.13438193"	"2"	"3"		""	"L11631"	
"673.7269"	"673.72678"	"324"	""		"3.26570610"	"5.10547240"	"2"	"1"		""	"L11631"	
"673.79866"	"673.79848"	"3020"	""		"4.55852281"	"6.39809335"	"3"	"3"		""	"L11631"	
"673.95215"	"673.95201"	"2570"	"3.37e+02"	C	"1.55735733"	"3.39650880"	"3"	"3"		"T5783"	"L11631"	
"674.51008"	"674.50999"	"3020"	""		"4.58004944"	"6.41767950"	"2"	"2"		""	"L11631"	
"674.59560"	"674.59551"	"1510"	""		"4.07581091"	"5.91320801"	"4"	"3"		""	"L11631"	
"674.69545"	"674.69531"	"500"	""		"2.60850194"	"4.44562726"	"2"	"2"		""	"L11631"	
"675.01520"	"675.01511"	"52000"	"1.17e+05"	B	"2.42419831"	"4.26045326"	"1"	"1"		"T4187"	"L11631"	
"675.27067"	"675.27067"	"7200"	"3.05e+06"	B	"4.63819369"	"6.47375371"	"1"	"1"		"T6110"	"L11631"	
"675.34635"	"675.34635"	"650"	""		"4.55852281"	"6.39387714"	"3"	"3"		""	"L11631"	
"675.56050"	""	"4170"	""		""	""	""	""		""	"L11631"	
"676.41075"	"676.41065"	"468"	""		"4.59311043"	"6.42557692"	"4"	"3"		""	"L11631"	
"676.9659"	"676.96589"	"324"	""		"4.58004944"	"6.41101300"	"2"	"2"		""	"L11631"	
"677.74089"	"677.74080"	"710"	""		"4.18636440"	"6.01523448"	"2"	"1"		""	"L11631"	
"678.3265"	"678.32639"	"282"	""		"2.55917148"	"4.38646275"	"4"	"5"		""	"L11631"	
"678.37035"	"678.37034"	"790"	""		"2.58810592"	"4.41527878"	"3"	"3"		""	"L11631"	
"678.57400"	"678.57405"	"520"	""		"4.58438864"	"6.41101300"	"3"	"2"		""	"L11631"	
"678.5850"	"678.58497"	"347"	""		"4.07581091"	"5.90240588"	"4"	"5"		""	"L11631"	
"678.64264"	"678.64250"	"630"	""		"3.24096914"	"5.06740926"	"3"	"2"		""	"L11631"	
"678.68599"	"678.68581"	"3800"	"2.0e+05"	E	"4.19086081"	"6.01718438"	"2"	"3"		"T2578n"	"L11631"	
"678.7162"	"678.71544"	"71bl"	""		"5.00952178"	"6.83576563"	"1"	"2"		""	"L11631"	
"679.32588"	"679.32579"	"2040"	"7.58e+04"	B	"4.07581091"	"5.90041395"	"4"	"4"		"T6110"	"L11631"	
"679.4618"	"679.46185"	"219"	""		"4.95563019"	"6.77986785"	"3"	"4"		""	"L11631"	
"679.60472"	"679.60453"	"650"	""		"4.18636440"	"6.01021907"	"2"	"3"		""	"L11631"	
"679.61248"	"679.61234"	"850"	""		"4.14264893"	"5.96648265"	"3"	"3"		""	"L11631"	
"680.1870"	"680.18649"	"151"	""		"1.60789577"	"3.43018998"	"2"	"1"		""	"L11631"	
"680.3831"	"680.38286"	"182"	""		"4.55852281"	"6.38029108"	"3"	"3"		""	"L11631"	
"680.40004"	"680.39990"	"1290"	"1.53e+06"	B	"4.65203107"	"6.47375371"	"2"	"1"		"T6110"	"L11631"	
"680.42709"	"680.42704"	"1480"	"2.46e+05"	B	"4.58438864"	"6.40603863"	"3"	"4"		"T6110"	"L11631"	
"680.68444"	"680.68426"	"3090"	"1.2e+05"	E	"2.72754450"	"4.54850612"	"4"	"4"		"T2578n"	"L11631"	
"681.02623"	"681.02619"	"2000"	"2.12e+06"	C+	"4.60695104"	"6.42699840"	"2"	"3"		"T5720"	"L11631"	
"681.4742"	"681.47422"	"100"	""		"3.25148176"	"5.07033256"	"3"	"2"		""	"L11631"	
"681.9590"	"681.95884"	"219"	""		"4.10337372"	"5.92093198"	"4"	"3"		""	"L11631"	
"682.03715"	"682.03710"	"870"	"1.5e+06"	E	"4.63819369"	"6.45554341"	"1"	"2"		"T2578n"	"L11631"	
"682.4823"	"682.48255"	"71"	""		"4.98804995"	"6.80421351"	"2"	"2"		""	"L11631"	
"682.85908"	"682.85917"	"1620"	"3.7e+06"	D	"4.63819369"	"6.45335558"	"1"	"2"		"T2578n"	"L11631"	
"683.3225"	"683.32269"	"182"	""		"4.63819369"	"6.45212430"	"1"	"1"		""	"L11631"	
"683.70057"	"683.70052"	"630"	"3.26e+05"	B	"4.59311043"	"6.40603863"	"4"	"4"		"T6110"	"L11631"	
"683.8832"	"683.88325"	"251"	""		"5.84045966"	"7.6529034"	"4"	"4"		""	"L11631"	
"683.98301"	"683.98296"	"580"	"7.1e+03"	E	"2.55917148"	"4.37135106"	"4"	"4"		"T2578n"	"L11631"	
"684.1339"	"684.13382"	"1480bl"	"3.4e+06"	D	"4.60695104"	"6.41873101"	"2"	"3"		"T2578n"	"L11631"	
"684.26854"	"684.26854"	"389"	"2.4e+06"	E	"4.63819369"	"6.44961696"	"1"	"1"		"T2578n"	"L11631"	
"684.36555"	"684.36550"	"1290"	"2.6e+06"	D	"4.54850612"	"6.35967275"	"4"	"3"		"T2578n"	"L11631"	
"684.4657"	"684.46662"	"71"	""		"1.55735733"	"3.36825640"	"3"	"4"		""	"L11631"	
"684.7595"	"684.75964"	"71"	""		"4.25622280"	"6.06634697"	"3"	"2"		""	"L11631"	
"685.1634"	"685.16357"	"71"	""		"1.60789577"	"3.41695281"	"2"	"2"		""	"L11631"	
"685.4822"	"685.48233"	"324"	"1.53e+05"	B	"4.59311043"	"6.40132623"	"4"	"5"		"T6110"	"L11631"	
"685.51617"	"685.51607"	"1450"	"2.86e+06"	C	"4.55852281"	"6.36664959"	"3"	"4"		"T5720"	"L11631"	
"685.5713"	"685.57117"	"200"	""		"4.60695104"	"6.41493251"	"2"	"2"		""	"L11631"	
"685.6073"	"685.60634"	"50"	""		"5.35157038"	"7.15945911"	"4"	"3"		""	"L11631"	
"685.72499"	"685.72489"	"389"	""		"4.07581091"	"5.88338708"	"4"	"4"		""	"L11631"	
"685.81493"	"685.81479"	"560"	"3.33e+06"	C+	"4.60759327"	"6.41493251"	"3"	"2"		"T5720"	"L11631"	
"686.1942"	"686.19368"	"100"	""		"2.42419831"	"4.23053960"	"1"	"0"		""	"L11631"	
"687.6001"	"687.59956"	"50"	""		"4.18636440"	"5.98901244"	"2"	"2"		""	"L11631"	
"688.0630"	"688.06272"	"100"	""		"4.15435379"	"5.95578840"	"3"	"2"		""	"L11631"	
"688.5756"	"688.57545"	"282"	"2.1e+06"	E	"4.65203107"	"6.45212430"	"2"	"1"		"T2578n"	"L11631"	
"691.66810"	"691.66796"	"186"	"6.2e+05"	D	"4.15435379"	"5.94639870"	"3"	"4"		"T2578n"	"L11631"	
"694.52048"	"694.52038"	"372"	"9.11e+04"	B	"2.42419831"	"4.20888328"	"1"	"2"		"T4187"	"L11631"	
"695.1245"	"695.12455"	"50"	""		"4.55852281"	"6.34165661"	"3"	"2"		""	"L11631"	
"697.88512"	"697.88502"	"339"	"1.44e+05"	B	"2.48437256"	"4.26045326"	"0"	"1"		"T4187"	"L11631"	
"699.98836"	"699.98831"	"71"	"4.7e+05"	D	"4.10337372"	"5.87411777"	"4"	"4"		"T2578n"	"L11631"	
"700.7970"	"700.79652"	"30"	""		"4.17769679"	"5.94639870"	"5"	"4"		""	"L11631"	
"701.1343"	"701.13433"	"20"	""		"4.59311043"	"6.36096020"	"4"	"4"		""	"L11631"	
"701.63916"	"701.63901"	"79"	"1.2e+06"	D	"4.15435379"	"5.92093198"	"3"	"3"		"T2578n"	"L11631"	
"702.29535"	"702.29520"	"79"	"1.7e+06"	D	"4.19086081"	"5.95578840"	"2"	"2"		"T2578n"	"L11631"	
"703.82230"	"703.82200"	"71"	"2.5e+06"	D	"4.21758325"	"5.97868220"	"1"	"1"		"T2578n"	"L11631"	
"706.8409"	"706.84088"	"79bl"	"8.99e+05"	D	"4.07581091"	"5.82938837"	"4"	"3"		"T2578n"	"L11631"	
"709.03831"	"709.03841"	"89"	"3.0e+06"	D	"4.23053960"	"5.97868220"	"0"	"1"		"T2578n"	"L11631"	
"710.7461"	"710.74595"	"30"	"1.20e+06"	D	"4.18636440"	"5.93030716"	"2"	"2"		"T5720"	"L11631"	
"713.09217"	"713.09206"	"191"	"4.1e+06"	D	"4.21758325"	"5.95578840"	"1"	"2"		"T2578n"	"L11631"	
"713.29858"	"713.29863"	"40"	"3.43e+05"	D+	"4.07581091"	"5.81351269"	"4"	"4"		"T5720"	"L11631"	
"714.8148"	"714.81456"	"71"	""		"5.35157038"	"7.08558697"	"4"	"4"		""	"L11631"	
"716.44481"	"716.44471"	"324"	""		"4.19086081"	"5.92093198"	"2"	"3"		""	"L11631"	
"718.11955"	"718.11939"	"89"	""		"4.22036211"	"5.94639870"	"4"	"4"		""	"L11631"	
"718.73175"	"718.73165"	"1000"	"8.36e+06"	C+	"4.10337372"	"5.82793998"	"4"	"5"		"T5720"	"L11631"	
"720.71111"	"720.71116"	"89"	"9.82e+05"	C	"4.07581091"	"5.79564049"	"4"	"3"		"T5720"	"L11631"	
"720.73876"	"720.73865"	"680"	""		"4.15435379"	"5.87411777"	"3"	"4"		""	"L11631"	
"721.9685"	"721.96817"	"50"	""		"4.07581091"	"5.79264615"	"4"	"4"		""	"L11631"	
"722.3660"	"722.36573"	"50"	"1.13e+05"	D+	"3.01725044"	"4.73314079"	"2"	"3"		"T5720"	"L11631"	
"723.9867"	"723.98665"	"60"	""		"4.20888328"	"5.92093198"	"2"	"3"		""	"L11631"	
"724.8107"	"724.81075"	"7400"	""		"5.40986861"	"7.11997076"	"2"	"1"		""	"L11631"	
"726.1514"	"726.15183"	"30"	""		"4.55852281"	"6.26546671"	"3"	"3"		""	"L11631"	
"728.4835"	"728.48342"	"30"	""		"4.14264893"	"5.84412959"	"3"	"2"		""	"L11631"	
"728.87380"	"728.87358"	"79"	""		"4.22036211"	"5.92093198"	"4"	"3"		""	"L11631"	
"729.2829"	"729.28294"	"40"	"1.10e+06"	C	"4.55852281"	"6.25813812"	"3"	"4"		"T5720"	"L11631"	
"729.30449"	"729.30428"	"100"	""		"4.25622280"	"5.95578840"	"3"	"2"		""	"L11631"	
"730.6562"	"730.65618"	"30"	""		"4.17769679"	"5.87411777"	"5"	"4"		""	"L11631"	
"730.79313"	"730.79307"	"71"	"5.25e+05"	C+	"4.14264893"	"5.83875215"	"3"	"3"		"T5720"	"L11631"	
"731.10754"	"731.10743"	"79"	""		"4.28330826"	"5.97868220"	"2"	"1"		""	"L11631"	
"732.0682"	"732.06799"	"40"	"9.67e+05"	C	"4.55852281"	"6.25167222"	"3"	"4"		"T5720"	"L11631"	
"734.3946"	"734.39442"	"50"	""		"5.3862090"	"7.07399482"	"4"	"3"		""	"L11631"	
"738.63327"	"738.63332"	"1070"	""		"4.91297355"	"6.59107351"	"4"	"3"		""	"L11631"	
"738.9308"	"738.93076"	"490"	""		"4.91297355"	"6.59039805"	"4"	"4"		""	"L11631"	
"738.93983"	"738.93977"	"1950"	""		"4.30127816"	"5.97868220"	"1"	"1"		""	"L11631"	
"739.6507"	"739.65088"	"174*"	""		"5.40986861"	"7.08565999"	"2"	"3"		""	"L11631"	
"739.6507"	"739.65115"	"174*"	""		"4.98804995"	"6.66384071"	"2"	"3"		""	"L11631"	
"740.16844"	"740.16827"	"331"	"1.80e+06"	C	"4.18636440"	"5.86098438"	"2"	"1"		"T5720"	"L11631"	
"741.11539"	"741.11528"	"3240"	""		"4.28330826"	"5.95578840"	"2"	"2"		""	"L11631"	
"741.86670"	"741.86664"	"520"	"1.02e+06"	C+	"4.14264893"	"5.81343520"	"3"	"2"		"T5720"	"L11631"	
"742.1558"	"742.15594"	"55"	""		"4.63819369"	"6.30832866"	"1"	"1"		""	"L11631"	
"743.08562"	"743.08556"	"269"	""		"4.60695104"	"6.27499663"	"2"	"3"		""	"L11631"	
"744.09118"	"744.09112"	"500"	""		"4.91297355"	"6.57876498"	"4"	"5"		""	"L11631"	
"744.30219"	"744.30218"	"407"	""		"4.18636440"	"5.85168345"	"2"	"2"		""	"L11631"	
"744.57504"	"744.57487"	"5800"	""		"4.25622280"	"5.92093198"	"3"	"3"		""	"L11631"	
"744.73933"	"744.73932"	"191"	""		"4.95563019"	"6.61997175"	"3"	"4"		""	"L11631"	
"745.3997"	"745.39967"	"63"	""		"4.18636440"	"5.84923154"	"2"	"1"		""	"L11631"	
"746.0360"	"746.03596"	"17"	""		"5.61423177"	"7.2756807"	"2"	"3"		""	"L11631"	
"746.15201"	"746.15195"	"58"	""		"2.55917148"	"4.22036211"	"4"	"4"		""	"L11631"	
"746.3382"	"746.33839"	"37"	""		"5.06378173"	"6.72455738"	"3"	"4"		""	"L11631"	
"746.6519"	"746.65216"	"15"	""		"4.79546566"	"6.45554341"	"2"	"2"		""	"L11631"	
"746.9191"	"746.91870"	"12"	""		"5.44571679"	"7.10520213"	"3"	"4"		""	"L11631"	
"747.2751"	"747.27501"	"23"	""		"5.35157038"	"7.0102645"	"4"	"4"		""	"L11631"	
"747.35535"	"747.35540"	"49"	""		"4.60695104"	"6.26546671"	"2"	"3"		""	"L11631"	
"747.63754"	"747.63748"	"79"	""		"4.79546566"	"6.45335558"	"2"	"2"		""	"L11631"	
"747.7508"	"747.75060"	"29"	""		"3.88160368"	"5.53924278"	"4"	"4"		""	"L11631"	
"748.1319"	"748.13190"	"30"	""		"5.99610917"	"7.6529034"	"4"	"4"		""	"L11631"	
"748.1741"	"748.17395"	"6"	""		"2.75857762"	"4.41527878"	"3"	"3"		""	"L11631"	
"748.19321"	"748.19315"	"68"	""		"4.79546566"	"6.45212430"	"2"	"1"		""	"L11631"	
"748.22228"	"748.22227"	"47"	""		"5.08559017"	"6.74218434"	"2"	"3"		""	"L11631"	
"748.4297"	"748.42992"	"35bl"	""		"5.08559017"	"6.74172473"	"2"	"2"		""	"L11631"	
"748.6110"	"748.61111"	"17"	""		"3.88350907"	"5.53924278"	"3"	"4"		""	"L11631"	
"748.6661"	"748.66577"	"25"	""		"5.35157038"	"7.0071832"	"4"	"4"		""	"L11631"	
"749.1426"	"749.14302"	"45"	""		"5.38520741"	"7.03976551"	"3"	"2"		""	"L11631"	
"749.16481"	"749.16469"	"830"	""		"4.30127816"	"5.95578840"	"1"	"2"		""	"L11631"	
"749.50670"	"749.50652"	"5000"	""		"4.22036211"	"5.87411777"	"4"	"4"		""	"L11631"	
"749.85300"	"749.85299"	"91"	""		"4.14264893"	"5.79564049"	"3"	"3"		""	"L11631"	
"750.1276"	"750.12700"	"19"	""		"4.18636440"	"5.83875215"	"2"	"3"		""	"L11631"	
"750.60139"	"750.60127"	"87"	""		"5.06378173"	"6.71512541"	"3"	"3"		""	"L11631"	
"750.6146"	"750.61463"	"4"	""		"5.09954435"	"6.75085864"	"1"	"1"		""	"L11631"	
"750.72658"	"750.72652"	"740"	""		"4.41527878"	"6.06634697"	"3"	"2"		""	"L11631"	
"750.8617"	"750.86218"	"5"	""		"4.14264893"	"5.79341882"	"3"	"2"		""	"L11631"	
"751.10200"	"751.10182"	"7800"	"1.35e+07"	B	"4.17769679"	"5.82793998"	"5"	"5"		"T5720"	"L11631"	
"751.2138"	"751.21380"	"16"	""		"4.14264893"	"5.79264615"	"3"	"4"		""	"L11631"	
"751.4199"	"751.41983"	"42"	""		"5.30848946"	"6.95803425"	"5"	"5"		""	"L11631"	
"751.51028"	""	"219"	""		""	""	""	""		""	"L11631"	
"752.8145"	"752.81468"	"14"	""		"5.03306811"	"6.67955657"	"4"	"5"		""	"L11631"	
"753.11447"	"753.11435"	"2340"	""		"4.37135106"	"6.01718438"	"4"	"3"		""	"L11631"	
"754.0430"	"754.04292"	"15"	""		"2.72754450"	"4.37135106"	"4"	"4"		""	"L11631"	
"754.1531"	"754.15305"	"17"	""		"3.94332623"	"5.58689276"	"3"	"3"		""	"L11631"	
"754.19123"	"754.19122"	"38"	""		"5.09954435"	"6.74302768"	"1"	"1"		""	"L11631"	
"754.5582"	"754.5580"	"14"	""		"6.01021907"	"7.6529034"	"3"	"4"		""	"L11631"	
"754.61769"	""	"1150"	""		""	""	""	""		""	"L11631"	
"754.78963"	"754.78962"	"81"	""		"5.09954435"	"6.74172473"	"1"	"2"		""	"L11631"	
"755.1108"	"755.11042"	"66"	""		"5.08559017"	"6.72707289"	"2"	"2"		""	"L11631"	
"755.9573"	"755.95732"	"20"	""		"5.06378173"	"6.70342551"	"3"	"2"		""	"L11631"	
"755.97196"	"755.97189"	"123"	""		"5.06378173"	"6.70339390"	"3"	"4"		""	"L11631"	
"756.30103"	"756.30102"	"68"	""		"4.83485507"	"6.47375371"	"1"	"1"		""	"L11631"	
"756.88995"	"756.88982"	"1230"	""		"4.28330826"	"5.92093198"	"2"	"3"		""	"L11631"	
"758.21214"	"758.21208"	"62"	""		"4.95563019"	"6.59039805"	"3"	"4"		""	"L11631"	
"758.37877"	"758.37876"	"1320"	"3.02e+05"	D+	"3.01762252"	"4.65203107"	"3"	"2"		"T5720"	"L11631"	
"758.60182"	"758.60176"	"6000"	""		"4.31247059"	"5.94639870"	"5"	"4"		""	"L11631"	
"758.83048"	"758.83047"	"132"	""		"5.03306811"	"6.66650376"	"4"	"4"		""	"L11631"	
"759.4250"	"759.42501"	"5"	""		"5.00952178"	"6.64167865"	"1"	"2"		""	"L11631"	
"760.06954"	"760.06965"	"44"	""		"5.03306811"	"6.66384071"	"4"	"3"		""	"L11631"	
"760.53588"	"760.53581"	"186"	""		"5.03306811"	"6.66284114"	"4"	"5"		""	"L11631"	
"760.64692"	"760.64680"	"74"	""		"5.08559017"	"6.71512541"	"2"	"3"		""	"L11631"	
"761.02677"	"761.02676"	"31"	""		"4.18636440"	"5.81508605"	"2"	"1"		""	"L11631"	
"761.5083"	"761.50796"	"17"	""		"2.69240763"	"4.32010008"	"5"	"6"		""	"L11631"	
"761.5848"	"761.58465"	"25"	""		"5.09954435"	"6.72707289"	"1"	"2"		""	"L11631"	
"761.72375"	"761.72363"	"54"	""		"5.06378173"	"6.69101333"	"3"	"2"		""	"L11631"	
"761.79892"	"761.79892"	"48"	""		"4.18636440"	"5.81343520"	"2"	"2"		""	"L11631"	
"762.05123"	"762.05128"	"890"	""		"4.73314079"	"6.35967275"	"3"	"3"		""	"L11631"	
"762.3049"	"762.30493"	"14"	""		"5.08559017"	"6.71158094"	"2"	"1"		""	"L11631"	
"763.4006"	"763.40074"	"33"	""		"4.99127081"	"6.61492758"	"5"	"6"		""	"L11631"	
"763.5848"	"763.58482"	"26"	""		"4.79546566"	"6.41873101"	"2"	"3"		""	"L11631"	
"764.76482"	"764.76452"	"500"	""		"5.50221316"	"7.12297453"	"1"	"2"		""	"L11631"	
"764.78413"	"764.78418"	"51"	""		"4.44562726"	"6.06634697"	"2"	"2"		""	"L11631"	
"765.09445"	"765.09421"	"71"	""		"2.69240763"	"4.31247059"	"5"	"5"		""	"L11631"	
"765.37591"	"765.37584"	"398"	"2.96e+06"	C	"4.79546566"	"6.41493251"	"2"	"2"		"T5720"	"L11631"	
"765.8329"	"765.83281"	"23"	""		"4.83485507"	"6.45335558"	"1"	"2"		""	"L11631"	
"766.11969"	"766.11945"	"1290"	""		"4.25622280"	"5.87411777"	"3"	"4"		""	"L11631"	
"766.14764"	"766.14769"	"45"	""		"5.08559017"	"6.70342551"	"2"	"2"		""	"L11631"	
"766.41582"	"766.41587"	"155"	""		"4.83485507"	"6.45212430"	"1"	"1"		""	"L11631"	
"766.42928"	"766.42933"	"1950"	"3.37e+05"	D+	"2.99035244"	"4.60759327"	"4"	"3"		"T5720"	"L11631"	
"767.6065"	"767.60594"	"8"	""		"4.83485507"	"6.44961696"	"1"	"1"		""	"L11631"	
"768.90360"	"768.90365"	"60"	""		"5.09954435"	"6.71158094"	"1"	"1"		""	"L11631"	
"769.68122"	"769.68098"	"30"	""		"5.06378173"	"6.67419029"	"3"	"3"		""	"L11631"	
